RouteID,Date,Route Type,Alpine,Rating,Safety,Avg Stars,Pitches,Lead Style,Attempts
105717328,614,1,0,31,0,3.4,1,0,1
105717346,614,1,0,27,0,2.7,1,0,1
105717364,614,1,0,36,0,3.8,3,0,1
105717484,294,1,0,43,0,3.8,1,1,2
105717763,617,1,0,36,0,2.7,1,2,1
105717766,614,1,0,36,0,3.5,1,2,1
105717892,627,0,0,49,0,3.9,1,0,1
105717895,627,0,0,40,0,3.7,1,0,1
105717922,294,1,0,36,0,3.2,1,0,1
105718036,617,1,0,40,0,3.7,1,0,1
105718084,619,1,0,40,0,3.3,1,2,1
105718117,627,0,0,54,0,3.9,1,2,1
105718192,293,1,0,36,0,3.3,1,2,1
105718198,626,0,0,34,0,2.1,1,2,1
105718201,625,0,0,31,0,2.4,1,0,1
105718207,625,0,0,52,0,3.4,1,1,2
105718384,619,1,0,46,0,3.9,1,2,1
105718435,615,1,0,31,0,3.6,1,0,1
105718441,615,1,0,29,0,2.6,1,0,1
105718522,619,1,0,40,0,3.3,1,0,1
105718642,615,1,0,51,0,3.8,1,2,1
105732374,633,0,0,47,0,3.6,1,0,1
105732443,135,1,0,45,0,3.8,5,2,1
105732560,633,0,0,32,0,2.2,1,0,1
105732563,633,0,0,34,0,2.0,1,0,1
105732629,631,0,0,49,0,2.6,1,0,1
105732941,631,1,0,32,0,3.3,1,0,1
105740945,663,0,0,26,0,2.8,1,0,1
105740978,496,0,0,29,1,2.6,1,0,1
105740981,496,1,0,26,0,3.7,1,0,1
105740984,497,1,0,29,0,3.1,1,0,1
105741116,620,0,0,47,0,3.3,1,0,1
105741602,664,0,0,34,0,3.7,1,0,1
105741848,497,0,0,26,0,2.8,1,0,1
105741866,497,0,0,37,0,3.6,1,0,1
105741869,497,0,0,32,0,2.8,1,0,1
105748096,422,1,0,39,0,2.6,1,0,1
105748154,47,0,0,29,0,1.2,1,0,1
105748160,46,0,0,24,0,1.2,1,0,1
105748235,515,0,0,44,0,2.5,1,0,1
105748298,309,0,0,48,0,2.9,3,0,1
105748361,159,1,0,23,0,3.2,4,0,1
105748397,61,0,0,42,0,3.1,1,0,1
105748409,407,0,0,37,0,2.4,1,0,1
105748415,214,0,0,52,0,3.6,1,2,1
105748421,244,0,0,57,0,3.6,1,1,3
105748433,246,0,0,56,0,3.7,1,0,1
105748448,406,0,0,28,0,2.7,1,0,1
105748451,241,0,0,54,0,3.6,1,1,2
105748478,405,0,0,52,0,2.8,1,1,3
105748496,429,1,1,32,0,3.8,8,1,2
105748586,346,0,0,42,0,2.2,1,1,2
105748591,523,0,0,49,0,2.7,1,0,1
105748594,289,0,0,47,0,3.0,1,1,3
105748609,48,0,0,29,0,2.3,1,0,1
105748627,155,1,0,30,2,3.6,3,0,1
105748690,669,0,0,44,0,3.5,1,0,1
105748693,483,1,0,29,0,3.4,4,0,1
105748702,669,0,0,37,0,3.3,1,0,1
105748771,194,1,0,44,0,3.8,4,1,2
105748816,519,1,0,30,0,3.9,2,2,1
105748936,349,1,0,23,0,2.9,2,0,1
105748975,392,0,0,47,0,3.1,1,2,1
105748990,209,0,0,45,0,3.7,1,0,1
105748993,209,0,0,39,0,2.9,1,0,1
105749002,520,0,0,49,0,2.2,1,1,2
105749005,481,0,0,52,0,3.0,1,1,3
105749011,308,0,0,54,0,3.0,1,1,4
105749029,349,1,0,32,0,3.5,1,1,2
105749116,527,0,0,41,0,2.9,1,0,1
105749119,670,0,0,47,0,3.5,1,0,1
105749122,527,0,0,35,0,3.4,1,0,1
105749158,329,0,0,62,0,3.8,1,2,1
105749167,212,0,0,44,0,3.0,1,0,1
105749170,351,0,0,53,0,2.5,1,1,2
105749182,365,0,0,39,0,2.4,1,1,2
105749239,352,0,0,54,0,3.1,1,2,1
105749293,545,1,0,30,0,2.7,1,0,1
105749401,395,0,0,28,0,1.9,1,0,1
105749446,309,0,0,36,0,3.2,3,0,1
105749689,184,1,0,27,0,3.0,1,0,1
105749692,555,0,0,54,0,2.4,1,2,1
105749755,523,0,0,44,0,2.1,1,0,1
105749758,381,0,0,49,0,2.8,1,2,1
105749761,381,0,0,48,0,2.5,1,0,1
105749767,381,0,0,29,0,1.9,1,0,1
105749782,277,0,0,42,0,2.5,2,0,1
105749797,311,0,0,57,0,3.1,1,2,2
105749800,330,1,0,29,0,3.1,1,0,1
105749860,113,0,0,52,0,2.9,2,2,1
105749899,347,1,0,30,0,2.3,1,0,1
105749920,521,0,0,34,0,2.5,1,0,1
105749923,396,0,0,34,0,2.4,1,0,1
105749926,521,0,0,47,0,3.4,1,0,1
105749929,447,0,0,30,0,2.7,1,0,1
105749977,219,1,0,52,0,3.5,1,1,2
105749980,670,0,0,44,0,2.5,1,0,1
105749983,396,0,0,47,0,3.6,1,0,1
105750016,343,0,0,37,0,2.5,1,0,1
105750028,455,0,0,53,0,3.8,1,1,3
105750037,345,0,0,53,0,3.6,1,1,4
105750046,480,0,0,52,0,3.0,1,1,2
105750049,290,0,0,48,0,3.5,1,0,1
105750055,290,0,0,39,0,2.7,1,0,1
105750058,344,0,0,45,0,3.6,1,0,1
105750079,297,0,0,39,0,2.8,1,0,1
105750085,174,1,1,34,0,3.6,4,2,1
105750118,243,0,0,45,0,3.1,1,2,2
105750121,362,0,0,32,0,0.9,1,2,1
105750124,241,0,0,31,0,1.7,1,0,1
105750208,420,0,0,49,0,2.9,1,1,2
105750418,155,1,0,37,0,2.8,1,0,1
105750487,410,0,0,44,0,3.6,1,1,2
105751009,200,1,0,25,2,1.9,1,0,1
105751033,172,1,0,29,0,3.0,3,0,1
105751045,523,0,0,31,0,2.4,1,0,1
105751315,665,1,0,32,0,3.4,3,0,1
105751492,398,0,0,48,0,2.0,1,2,1
105751495,398,0,0,39,0,1.7,1,0,1
105751579,515,0,0,47,0,2.6,1,2,1
105751597,173,0,0,34,0,2.6,1,0,1
105751630,390,0,0,43,0,2.9,1,1,2
105751756,216,0,0,49,0,3.3,1,1,3
105751759,449,0,0,32,0,0.8,1,0,1
105751762,449,0,0,30,0,1.1,1,0,1
105751765,449,0,0,39,0,1.9,1,0,1
105751771,449,0,0,39,0,1.5,1,0,1
105751774,449,0,0,46,0,1.4,1,0,1
105751777,449,0,0,42,0,1.9,1,0,1
105752059,246,0,0,44,0,3.3,1,0,1
105752167,390,0,0,38,0,2.3,1,0,1
105752287,417,0,0,45,0,2.1,1,0,1
105752290,417,0,0,56,0,2.5,1,2,1
105752323,541,0,0,54,0,3.7,1,1,4
105752329,472,0,0,49,0,3.6,1,1,2
105752335,668,0,0,54,0,3.8,1,2,1
105752362,393,0,0,47,0,3.6,1,0,1
105752389,473,0,0,49,0,3.8,1,1,2
105752464,527,0,0,51,0,3.4,1,2,1
105752560,349,1,0,32,0,3.4,1,0,1
105752563,406,0,0,44,0,2.6,1,1,2
105752587,290,0,0,44,0,3.6,1,0,1
105752596,378,0,0,44,0,2.4,1,2,2
105752599,365,0,0,39,0,2.4,1,0,1
105752602,228,0,0,32,0,2.1,1,0,1
105752788,188,0,0,34,0,3.5,1,0,1
105752836,476,0,0,34,0,2.5,1,0,1
105752845,472,0,0,35,0,2.6,1,0,1
105752878,396,0,0,35,0,2.6,1,0,1
105752887,669,0,0,49,0,3.4,1,0,1
105752890,527,0,0,26,0,1.8,1,0,1
105752899,391,0,0,39,0,2.6,1,1,2
105752908,391,0,0,49,0,3.1,1,1,2
105752914,291,0,0,54,0,3.6,1,1,2
105752917,447,0,0,52,0,3.9,1,2,1
105752923,521,0,0,52,0,3.2,1,0,1
105753028,291,0,0,34,0,2.6,1,0,1
105753190,281,0,0,45,0,2.5,1,2,1
105753265,114,1,0,41,0,3.2,1,0,1
105753295,262,0,0,52,0,3.4,1,1,5
105753328,231,0,0,54,0,3.5,1,2,2
105753379,187,0,0,47,0,2.9,1,1,3
105753391,248,0,0,44,0,3.1,1,0,1
105753394,306,0,0,32,0,2.9,1,0,1
105753412,276,0,0,32,0,2.3,1,0,1
105753502,306,0,0,44,0,2.7,1,2,1
105753538,348,0,0,37,0,2.8,1,0,1
105753541,667,0,0,49,0,2.9,1,1,2
105753562,521,0,0,43,0,3.0,1,0,1
105753628,436,0,0,44,0,2.7,1,0,1
105753655,366,1,0,49,0,3.9,1,2,1
105753667,436,0,0,49,0,2.5,1,2,1
105753757,486,0,0,44,0,2.4,1,0,1
105753805,367,0,0,42,0,2.6,1,0,1
105753832,580,0,0,49,0,3.4,1,1,2
105753838,247,0,0,47,0,2.9,1,2,1
105753856,433,0,0,52,0,2.9,1,1,3
105753880,667,0,0,47,0,3.1,1,0,1
105753910,276,0,0,44,0,3.8,1,2,1
105753934,437,0,0,44,0,2.7,1,0,1
105753940,436,0,0,42,0,2.7,1,0,1
105753952,232,0,0,37,0,2.6,1,0,1
105753994,542,0,0,52,0,3.8,1,0,1
105754108,667,0,0,45,0,3.0,1,0,1
105754129,495,0,0,47,0,3.4,1,2,1
105754201,286,0,0,37,0,2.9,1,0,1
105754432,437,0,0,49,0,3.6,1,0,1
105754465,534,0,0,49,0,2.9,1,1,3
105754546,478,0,0,42,0,3.4,1,0,1
105754765,197,0,0,44,0,2.5,1,0,1
105754825,160,0,0,44,0,3.8,1,1,2
105754828,359,0,0,32,0,2.6,1,0,1
105754837,473,0,0,44,0,3.0,1,0,1
105754999,475,0,0,52,0,2.8,1,1,2
105755155,425,0,0,37,0,1.9,1,0,1
105755386,579,1,0,29,0,3.2,4,0,1
105755533,289,0,0,47,0,2.0,1,1,2
105755851,189,0,0,32,0,2.9,1,0,1
105755866,426,0,0,44,0,2.6,1,0,1
105755872,333,0,0,32,0,3.5,1,0,1
105755875,356,0,0,26,0,1.8,1,0,1
105755881,151,0,0,44,0,2.9,1,0,1
105756094,329,0,0,47,0,2.2,1,2,1
105756298,542,1,0,54,0,3.6,1,2,1
105756496,367,0,0,54,0,3.7,1,2,1
105756784,555,1,0,29,0,2.7,1,0,1
105756790,555,0,0,52,0,3.5,1,1,2
105756826,367,0,0,30,0,3.4,1,0,1
105756829,367,0,0,34,0,2.5,1,0,1
105756946,447,0,0,32,0,2.0,1,0,1
105757066,424,0,0,52,0,2.7,1,2,1
105757219,181,0,0,29,0,2.1,1,0,1
105757240,187,0,0,28,0,2.7,1,0,1
105757243,187,0,0,30,0,2.3,1,0,1
105757249,425,0,0,34,0,2.3,1,0,1
105757414,388,1,0,32,0,3.0,2,0,1
105757423,389,1,0,27,0,2.6,1,0,1
105757618,478,0,0,42,0,3.5,1,0,1
105757627,366,0,0,53,0,3.1,1,2,1
105757681,248,0,0,52,0,2.3,1,2,1
105757699,182,0,0,37,0,2.6,1,0,1
105757708,264,0,0,54,0,2.5,1,2,1
105758080,277,0,0,52,0,2.8,1,0,1
105758107,204,0,0,42,0,3.1,1,0,1
105758257,495,0,0,43,0,2.7,1,0,1
105758584,389,1,0,34,0,3.3,1,1,2
105758605,366,0,0,42,0,2.6,1,2,1
105758647,357,0,0,55,0,3.7,1,2,1
105758676,666,0,0,33,0,2.7,1,0,1
105758910,348,0,0,42,0,3.5,1,0,1
105758982,472,0,0,32,0,1.8,1,0,1
105759021,667,0,0,38,0,2.6,1,2,1
105759081,287,0,0,42,0,2.6,1,0,1
105759084,666,0,0,26,0,2.4,1,0,1
105759102,666,0,0,30,0,2.1,1,0,1
105759105,666,0,0,27,0,2.3,1,0,1
105759111,478,0,0,36,0,2.3,1,0,1
105759165,287,0,0,24,0,1.8,1,1,2
105759516,393,0,0,47,0,3.3,1,1,2
105759594,188,0,0,32,0,3.1,1,0,1
105759750,472,0,0,43,0,2.4,1,0,1
105759783,381,0,0,44,0,2.8,1,0,1
105759819,276,0,0,42,0,3.3,1,1,2
105760332,404,0,0,32,0,2.3,1,0,1
105760695,421,0,0,44,0,3.4,2,0,1
105760878,449,1,0,34,0,2.5,1,0,1
105761046,669,0,0,39,0,3.1,1,0,1
105761067,527,1,0,42,0,2.4,1,0,1
105761217,514,0,0,29,0,3.5,1,0,1
105761265,375,0,0,43,0,2.2,1,0,1
105761298,495,0,0,52,0,2.7,1,1,2
105761367,495,0,0,26,0,1.7,1,0,1
105761394,188,0,0,44,0,2.7,1,0,1
105761463,459,0,0,57,0,3.7,1,1,3
105761523,478,0,0,52,0,3.5,1,0,1
105761529,395,1,0,26,0,2.5,1,0,1
105761547,479,0,0,54,0,3.9,1,1,2
105761877,667,0,0,29,0,2.7,1,0,1
105761883,212,0,0,43,0,2.5,1,0,1
105761895,670,0,0,43,0,2.5,1,0,1
105762201,233,0,0,44,0,2.4,1,0,1
105762333,397,0,0,52,0,3.4,1,1,2
105762393,396,0,0,44,0,2.2,1,0,1
105762699,173,0,0,34,0,2.6,1,0,1
105762795,359,0,0,32,0,2.7,1,0,1
105762807,425,0,0,27,0,2.2,1,0,1
105762981,405,0,0,29,0,1.5,1,0,1
105762984,404,0,0,36,0,2.0,1,0,1
105763029,373,0,0,42,0,2.6,1,1,2
105763089,345,0,0,32,0,1.8,1,0,1
105763161,276,0,0,30,0,2.1,1,0,1
105763197,258,0,0,36,0,2.5,1,0,1
105763212,666,0,0,47,0,3.6,1,0,1
105763707,317,1,0,32,0,3.0,1,2,1
105763788,179,1,0,30,0,2.5,1,0,1
105763794,179,0,0,26,0,3.6,1,0,1
105763815,515,0,0,44,0,2.6,1,0,1
105763911,432,1,1,27,0,3.6,8,0,1
105763950,374,0,0,47,0,3.5,1,2,1
105764079,515,0,0,42,0,2.8,1,0,1
105764322,554,1,1,26,0,2.6,6,0,1
105764409,404,0,0,36,0,1.5,1,0,1
105764451,413,0,0,45,0,2.5,1,2,1
105765165,330,0,0,43,0,2.2,1,2,1
105787215,625,0,0,29,0,2.0,1,0,1
105789060,403,0,0,26,0,3.2,1,0,1
105789064,402,0,0,32,0,2.9,1,0,1
105789153,603,0,0,49,0,2.8,1,1,2
105789169,403,0,0,23,0,2.3,1,0,1
105789298,591,0,0,44,0,3.6,1,0,1
105789316,600,0,0,44,0,3.0,1,1,2
105789342,602,0,0,34,0,2.8,1,0,1
105789348,589,0,0,44,0,3.8,1,1,2
105789513,360,1,0,30,0,2.7,1,1,2
105789753,587,0,0,52,0,3.3,1,2,2
105789934,608,0,0,47,0,3.3,1,0,1
105790283,609,1,0,29,0,3.6,3,0,1
105790290,598,1,0,33,0,3.7,4,0,1
105790444,592,0,0,39,0,3.5,1,0,1
105790613,595,1,0,32,0,3.0,1,0,1
105790859,595,0,0,54,0,3.9,1,2,3
105791086,645,1,0,29,0,3.7,1,1,2
105792753,625,0,0,32,0,2.6,1,0,1
105793956,585,0,0,47,0,3.1,1,1,3
105796557,403,0,0,34,0,2.6,1,0,1
105798861,616,1,0,30,0,2.7,2,0,1
105798882,616,1,0,35,0,2.9,1,0,1
105798885,616,1,0,46,0,3.0,1,1,2
105799303,664,0,0,47,0,3.8,1,2,1
105799344,664,1,0,33,1,2.6,1,0,1
105799349,664,0,0,44,0,3.4,1,0,1
105800402,586,0,0,40,0,3.0,1,0,1
105800412,402,0,0,37,0,3.5,2,0,1
105801735,592,0,0,39,0,3.5,1,0,1
105802924,165,1,1,32,0,3.6,6,2,1
105803148,392,0,0,32,0,2.3,1,0,1
105803440,605,0,0,34,0,3.5,1,0,1
105803446,605,0,0,32,0,2.7,1,0,1
105803451,605,0,0,42,0,3.5,1,0,1
105803545,603,1,0,42,0,3.8,1,0,1
105803553,601,0,0,47,0,2.9,1,2,1
105803655,164,1,1,29,0,3.5,6,0,1
105803921,585,0,0,29,0,3.1,1,0,1
105803971,591,0,0,34,0,2.9,1,0,1
105804292,595,0,0,49,0,3.5,1,2,1
105804852,162,1,1,26,0,3.8,5,0,1
105806895,597,0,0,34,0,2.9,1,0,1
105807027,293,1,0,36,0,2.6,1,0,1
105809702,345,0,0,35,0,3.1,1,0,1
105812408,670,0,0,42,0,2.5,1,0,1
105812559,601,0,0,34,0,3.2,1,0,1
105812642,604,0,0,42,0,3.3,1,0,1
105812654,604,0,0,32,0,2.4,1,0,1
105813238,632,0,0,42,0,3.4,1,1,2
105813275,631,0,0,26,0,2.6,1,0,1
105813493,518,0,0,44,0,3.4,1,0,1
105814533,603,0,0,42,0,3.0,1,0,1
105816995,636,1,0,33,0,3.8,5,2,1
105817270,593,0,0,42,0,2.4,1,0,1
105818791,586,0,0,35,0,3.0,1,0,1
105818849,518,0,0,54,0,2.9,1,1,2
105819372,212,0,0,30,0,2.2,1,0,1
105819734,633,0,0,27,0,2.1,1,0,1
105820098,633,0,0,44,0,3.4,1,1,2
105820346,603,1,0,32,0,2.8,1,0,1
105820350,600,0,0,32,0,2.3,1,0,1
105820721,603,1,0,26,0,3.1,1,0,1
105820726,593,0,0,29,0,3.0,1,0,1
105822639,216,0,0,34,0,2.1,1,0,1
105827047,253,0,0,54,0,3.7,1,2,1
105827059,319,0,0,57,0,3.7,1,2,1
105827433,258,0,0,35,0,2.5,1,0,1
105827564,514,0,0,37,0,2.7,1,0,1
105827570,514,0,0,50,0,3.5,1,0,1
105827628,319,0,0,42,0,2.9,1,0,1
105827646,319,0,0,32,0,3.0,1,0,1
105828453,319,0,0,39,0,2.6,1,0,1
105829983,258,0,0,44,0,3.0,1,0,1
105831617,428,0,0,51,0,3.4,1,0,1
105832283,612,0,0,54,0,3.9,1,2,1
105841216,251,0,0,39,0,3.5,1,0,1
105841220,251,0,0,47,0,3.8,1,0,1
105841247,493,0,0,37,0,2.7,1,0,1
105841251,489,0,0,44,0,3.7,1,1,2
105841257,493,0,0,42,0,2.7,1,1,2
105841382,167,0,0,37,0,3.4,1,1,2
105841390,171,0,0,42,0,3.4,1,0,1
105841688,620,0,0,26,0,2.5,1,0,1
105841699,620,0,0,29,0,3.0,1,0,1
105842717,163,0,1,39,0,3.0,1,2,1
105842817,648,1,0,26,0,3.2,1,0,1
105842825,654,1,0,29,0,3.6,1,0,1
105843581,611,0,0,34,0,3.6,1,0,1
105843696,611,0,0,42,0,3.7,1,0,1
105845816,654,1,0,32,0,3.6,1,1,2
105847524,253,0,0,36,0,2.6,3,0,1
105849567,513,1,0,23,0,2.5,1,0,1
105851509,167,0,0,34,0,2.2,1,0,1
105851631,170,0,0,54,0,3.4,1,0,1
105851716,321,0,0,34,0,3.1,1,0,1
105851974,321,0,0,33,0,2.6,1,0,1
105852183,640,1,1,36,0,3.5,12,0,1
105853353,252,0,0,42,0,3.3,1,0,1
105853365,325,0,0,42,0,3.0,1,0,1
105853386,252,0,0,32,0,2.6,1,0,1
105854239,316,1,0,32,0,2.7,1,0,1
105855622,424,0,0,34,0,2.8,1,0,1
105856656,326,0,0,44,0,3.3,1,0,1
105856679,238,0,0,52,0,3.5,1,0,1
105856684,238,0,0,54,0,3.8,1,0,1
105856757,234,0,0,41,0,3.7,1,0,1
105856762,252,0,0,37,0,2.8,1,0,1
105857638,170,0,0,42,0,2.7,1,0,1
105857742,502,1,0,26,0,3.2,1,0,1
105857749,654,1,0,29,1,2.6,1,0,1
105860676,635,1,1,42,0,4.0,12,2,1
105862055,494,0,0,52,0,3.0,1,1,2
105862062,493,0,0,54,0,3.2,1,0,1
105862092,323,0,0,47,0,3.1,1,1,2
105862459,287,0,0,43,0,3.0,1,0,1
105863234,320,0,0,52,0,3.5,1,0,1
105869766,250,0,0,26,0,3.1,1,0,1
105878061,341,0,0,32,0,2.7,1,0,1
105880407,589,0,0,54,0,3.1,1,1,4
105888371,444,1,0,26,0,3.4,1,0,1
105888734,192,1,0,46,0,3.5,1,2,1
105889237,444,1,0,29,0,2.6,1,0,1
105889536,438,0,0,29,0,3.2,1,0,1
105889540,438,0,0,39,0,3.5,1,0,1
105889544,438,0,0,44,0,3.1,1,1,2
105892533,446,0,0,29,0,2.6,1,0,1
105893726,192,1,0,29,0,2.9,1,0,1
105893872,445,0,0,54,0,3.2,1,1,2
105900338,469,1,0,26,0,2.9,1,0,1
105900347,469,1,0,20,1,2.2,1,0,1
105903232,631,0,0,26,0,2.7,1,0,1
105910504,154,1,0,29,0,2.0,1,0,1
105910510,154,1,0,26,0,2.4,1,0,1
105910806,648,1,0,32,0,3.4,1,0,1
105910942,648,1,0,26,0,2.8,1,0,1
105911529,341,0,0,36,0,3.1,1,0,1
105911558,341,0,0,34,0,2.5,1,2,1
105912905,638,0,0,47,0,3.7,1,1,2
105912909,639,0,0,52,0,3.4,1,2,1
105913834,633,0,0,47,0,3.2,1,0,1
105918091,567,0,0,42,0,2.4,1,0,1
105918466,559,0,0,52,0,3.6,1,0,1
105926879,444,1,0,34,0,3.3,1,0,1
105929386,348,0,0,44,0,3.6,1,0,1
105932154,292,0,0,54,0,3.5,1,1,2
105941644,650,1,0,32,0,3.8,1,2,1
105944377,563,0,0,30,0,3.5,1,0,1
105944381,563,0,0,34,0,2.8,1,0,1
105944388,557,0,0,59,0,3.9,1,2,1
105944445,632,0,0,41,0,2.8,1,2,1
105944650,633,0,0,32,0,2.3,1,0,1
105950090,647,0,0,42,0,3.6,1,0,1
105954921,654,1,0,29,0,2.9,1,0,1
105956228,236,0,0,49,0,3.6,1,0,1
105956328,238,0,0,54,0,3.6,1,2,1
105957709,163,0,1,32,0,2.5,1,0,1
105958263,509,1,0,23,0,3.1,1,0,1
105959460,501,1,0,23,0,3.6,1,0,1
105962497,648,1,0,20,0,2.4,1,0,1
105963366,502,1,0,26,0,3.4,1,0,1
105963848,557,0,0,32,0,3.5,1,0,1
105964688,572,0,0,44,0,3.8,1,0,1
105969527,428,0,0,37,0,3.0,1,0,1
105972016,424,0,0,29,0,2.5,1,0,1
105972021,424,0,0,34,0,3.0,1,0,1
105972025,424,0,0,42,0,2.7,1,0,1
105975456,186,0,0,30,0,2.7,1,0,1
105975473,198,1,0,29,0,1.0,1,0,1
105982858,367,0,0,27,0,2.7,1,0,1
105988227,575,0,0,30,0,3.5,1,0,1
105988232,575,0,0,42,0,2.8,1,0,1
105988238,575,0,0,57,0,3.8,1,2,1
105989372,558,0,0,62,0,3.9,1,2,1
105994333,621,0,0,52,0,3.4,1,2,2
105994719,424,0,0,39,0,2.8,1,0,1
105994971,163,0,1,42,0,2.4,1,2,1
105997439,436,0,0,47,0,3.3,1,0,1
106001020,620,0,0,52,0,3.8,1,2,1
106002342,563,0,0,47,0,3.6,1,0,1
106002969,238,0,0,34,0,2.9,1,0,1
106007327,486,0,0,49,0,2.2,1,2,1
106007361,425,1,0,20,0,2.6,5,0,1
106010509,369,0,0,47,0,3.2,1,2,1
106011580,321,0,0,44,0,2.3,1,0,1
106011585,171,0,0,34,0,2.4,1,0,1
106011590,167,0,0,42,0,2.8,1,0,1
106011593,167,0,0,29,0,1.7,1,0,1
106015558,188,0,0,46,0,3.7,1,0,1
106018126,591,0,0,54,0,3.4,1,2,1
106032117,460,0,0,34,0,3.0,1,0,1
106032123,460,0,0,44,0,3.6,1,2,1
106032904,592,0,0,26,0,2.0,1,0,1
106033329,610,0,0,33,0,2.6,1,0,1
106035142,294,1,0,41,0,2.7,1,2,1
106059648,460,0,0,42,0,3.7,1,0,1
106059659,460,0,0,39,0,2.5,1,0,1
106069528,610,0,0,56,0,3.7,1,2,1
106070704,558,0,0,53,0,3.0,1,2,1
106070861,591,0,0,62,0,4.0,1,2,1
106072248,504,1,0,37,0,3.1,7,0,1
106081850,170,0,0,42,0,2.5,1,0,1
106081874,250,0,0,34,0,3.5,1,0,1
106081917,569,0,0,42,0,3.7,1,0,1
106081922,442,0,0,38,0,3.7,1,0,1
106081931,569,0,0,39,0,3.6,1,0,1
106087318,149,0,0,32,0,3.0,1,0,1
106099070,443,0,0,32,0,2.2,1,0,1
106119076,352,0,0,30,0,2.1,1,0,1
106121243,611,0,0,52,0,3.8,1,0,1
106121898,572,0,0,42,0,3.6,1,0,1
106125070,440,0,0,34,0,3.7,1,0,1
106126167,185,1,0,36,0,3.6,1,0,1
106126227,147,1,0,54,0,3.6,1,1,2
106127916,567,0,0,44,0,3.3,1,0,1
106127925,567,0,0,42,0,3.5,1,0,1
106132213,438,0,0,52,0,3.9,1,2,1
106135291,475,0,0,32,0,1.5,1,0,1
106143915,583,1,0,24,0,2.0,1,0,1
106153682,442,0,0,52,0,3.1,1,2,1
106159394,234,0,0,37,0,2.7,1,0,1
106160862,189,0,0,32,0,2.8,1,0,1
106161870,201,0,0,42,0,3.1,1,0,1
106164016,473,0,0,32,0,2.3,1,0,1
106170444,424,0,0,39,0,2.5,1,2,1
106170472,343,0,0,32,0,2.3,1,0,1
106181792,625,0,0,46,0,2.4,1,2,1
106188277,508,1,0,20,0,2.9,2,0,1
106193137,403,0,0,34,0,2.3,1,0,1
106193308,181,0,0,25,0,2.4,1,0,1
106198096,425,0,0,29,0,2.3,1,0,1
106207369,425,0,0,42,0,2.1,1,0,1
106207686,361,0,0,54,0,3.8,1,2,1
106207924,575,0,0,45,0,3.6,1,0,1
106210086,156,0,0,45,0,3.5,1,1,2
106210757,251,0,0,29,0,1.6,1,0,1
106232722,550,0,0,42,0,3.3,1,0,1
106232758,550,0,0,37,0,2.2,1,0,1
106232767,550,0,0,34,0,2.2,1,0,1
106234501,251,0,0,34,0,2.7,1,0,1
106236039,647,1,0,29,0,2.7,1,0,1
106239714,235,0,0,30,0,3.0,1,0,1
106240353,653,0,0,49,0,3.8,1,2,2
106244272,334,0,0,29,0,2.8,1,0,1
106248473,181,0,0,32,0,2.4,1,0,1
106255900,449,0,0,32,0,2.5,1,0,1
106260087,428,0,0,48,0,3.0,1,2,1
106260100,569,0,0,44,0,2.9,1,0,1
106263982,369,0,0,32,0,3.2,1,0,1
106274886,613,1,0,29,0,3.3,3,0,1
106276350,394,0,0,29,0,2.2,1,0,1
106289170,558,0,0,37,0,2.3,1,0,1
106293592,192,1,0,31,0,2.9,1,0,1
106296529,459,0,0,49,0,2.4,1,2,1
106300140,372,0,0,52,0,3.9,1,2,1
106302512,371,0,0,34,0,2.8,1,0,1
106309924,567,0,0,52,0,3.5,1,1,4
106309932,567,0,0,44,0,3.0,1,0,1
106310756,380,0,0,41,0,2.4,1,0,1
106310770,380,0,0,45,0,2.7,1,0,1
106311413,380,0,0,47,0,2.9,1,2,1
106315445,156,0,0,44,0,2.5,1,0,1
106316700,394,0,0,26,0,2.4,1,0,1
106329028,286,0,0,39,0,2.4,1,0,1
106337175,193,0,0,49,0,2.8,1,1,2
106337191,190,1,0,26,0,1.9,1,0,1
106344281,473,0,0,29,0,1.9,1,0,1
106363085,457,0,0,34,0,2.7,1,0,1
106370147,618,0,0,30,0,2.1,1,0,1
106376127,206,0,0,52,0,3.3,1,1,2
106378499,618,0,0,39,0,2.3,1,2,1
106382806,589,0,0,47,0,3.7,1,1,2
106394696,197,0,0,52,0,3.1,1,1,2
106404789,661,0,0,42,0,3.3,1,1,2
106415046,542,0,0,39,0,2.0,1,0,1
106423153,342,0,0,42,0,2.8,1,1,2
106423168,74,0,0,47,0,2.5,1,0,1
106432223,223,0,0,54,0,2.7,1,1,6
106461172,557,0,0,49,0,3.6,1,2,1
106480421,252,0,0,26,0,2.8,1,0,1
106480921,193,1,0,42,0,2.9,1,1,2
106495528,500,1,0,26,0,3.2,1,0,1
106506935,175,0,0,26,0,2.1,1,0,1
106508340,445,0,0,34,0,2.2,1,0,1
106511539,426,0,0,37,0,2.4,1,0,1
106511980,257,0,0,26,0,2.1,1,0,1
106515299,416,0,0,52,0,2.8,1,1,3
106517680,250,0,0,52,0,3.5,1,1,3
106517711,594,1,0,23,0,2.4,1,0,1
106517818,250,0,0,29,0,1.9,1,0,1
106521564,502,1,0,24,0,2.7,1,0,1
106522090,426,0,0,39,0,2.7,1,0,1
106524966,485,0,0,42,0,3.5,1,0,1
106527496,651,0,0,44,0,3.7,1,0,1
106537631,550,0,0,49,0,3.8,1,0,1
106538438,485,0,0,37,0,2.5,1,1,2
106538772,250,0,0,26,0,1.8,1,0,1
106543029,320,0,0,32,0,2.2,1,0,1
106544067,321,0,0,34,0,2.8,1,0,1
106555187,179,0,0,40,0,2.1,1,0,1
106577204,440,0,0,44,0,3.7,1,1,2
106579832,567,0,0,47,0,3.3,1,0,1
106586504,566,0,0,42,0,3.6,1,0,1
106603108,565,0,0,41,0,2.8,1,0,1
106605255,319,0,0,42,0,2.7,1,0,1
106609255,617,1,0,29,0,2.2,1,0,1
106613059,466,0,0,55,0,3.4,1,1,3
106617956,445,0,0,42,0,3.6,1,0,1
106634104,521,0,0,49,0,3.7,1,2,1
106661839,522,0,0,42,0,1.6,1,1,2
106669533,208,0,0,59,0,3.6,1,2,1
106673268,607,0,0,27,0,3.3,5,0,1
106678821,607,0,0,37,0,3.4,1,0,1
106681283,654,1,0,29,0,2.8,2,0,1
106702950,440,0,0,47,0,3.1,1,1,2
106765885,459,0,0,37,0,2.5,1,0,1
106775569,446,0,0,47,0,3.2,1,0,1
106782760,609,0,0,35,0,3.0,4,2,1
106784951,608,0,0,52,0,3.7,1,0,1
106805444,547,1,0,34,0,3.0,1,0,1
106811063,558,0,0,32,0,2.4,1,0,1
106811713,158,0,0,29,0,3.0,8,0,1
106818981,236,0,0,52,0,3.8,1,0,1
106820788,235,0,0,47,0,3.2,1,0,1
106822355,647,1,0,26,0,2.3,1,0,1
106831583,639,0,0,39,0,2.7,1,2,1
106852135,561,0,0,54,0,4.0,1,2,1
106852348,573,0,0,54,0,3.8,1,1,2
106852720,306,0,0,32,0,2.0,1,0,1
106853498,561,0,0,54,0,3.0,1,2,1
106859110,176,0,0,42,0,3.1,1,0,1
106859120,176,1,0,26,0,2.9,2,0,1
106864599,508,1,0,29,0,3.1,6,0,1
106873883,561,0,0,52,0,3.3,1,1,2
106875622,160,0,0,46,0,3.7,4,0,1
106878183,318,0,0,47,0,3.0,1,0,1
106878189,434,0,0,42,0,2.5,1,0,1
106882008,493,0,0,52,0,3.2,1,0,1
106882881,313,0,0,52,0,3.9,1,2,1
106885267,491,0,0,52,0,3.5,1,2,1
106885276,491,0,0,54,0,3.3,1,2,1
106895798,571,0,0,57,0,3.7,1,2,1
106904122,594,1,0,26,0,2.8,1,0,1
106919039,460,0,0,37,0,2.8,1,0,1
106919060,460,0,0,39,0,3.0,1,0,1
106930714,565,0,0,44,0,2.5,1,0,1
106937674,565,0,0,29,0,2.5,1,0,1
106937809,256,1,0,39,0,3.1,1,1,2
106940388,256,0,0,34,0,2.1,1,0,1
106940394,256,0,0,29,0,1.8,1,0,1
106940412,256,0,0,32,0,2.0,1,0,1
106946197,370,0,0,30,0,2.6,1,0,1
106949735,370,0,0,42,0,3.4,1,0,1
106950430,296,1,0,36,0,3.2,1,0,1
106950462,296,1,0,29,0,2.8,1,0,1
106956490,453,0,0,49,0,3.4,1,2,1
106956500,453,0,0,39,0,3.4,1,0,1
106980972,571,0,0,49,0,3.8,1,1,2
106985519,213,0,0,59,0,3.2,1,2,5
106990678,392,0,0,26,0,2.5,1,0,1
106994597,461,0,0,29,0,2.1,1,0,1
107015770,369,0,0,37,0,2.7,1,0,1
107018099,393,0,0,33,0,2.3,1,0,1
107018131,394,0,0,32,0,2.5,1,0,1
107019607,581,0,0,52,0,3.7,4,1,2
107025270,461,0,0,34,0,2.7,1,0,1
107040067,606,0,0,57,0,3.1,1,2,1
107041112,209,0,0,30,0,2.4,1,0,1
107044408,387,0,0,30,0,1.8,1,0,1
107050005,387,0,0,32,0,1.8,1,2,1
107063882,584,1,0,28,0,2.6,1,0,1
107063887,584,1,0,40,0,3.2,1,2,1
107072848,291,0,0,43,0,3.1,1,0,1
107077976,154,1,0,31,0,2.2,1,0,1
107083717,185,1,0,23,0,2.2,1,0,1
107098593,204,0,0,54,0,2.5,1,2,1
107106829,290,0,0,32,1,1.1,1,0,1
107114205,209,0,0,33,0,2.3,1,0,1
107118780,328,1,0,53,0,3.1,1,2,1
107129268,516,0,0,35,0,2.4,1,0,1
107132491,446,0,0,54,0,3.6,1,2,1
107142442,657,0,0,29,0,2.3,1,0,1
107142449,657,0,0,34,0,2.7,1,0,1
107142457,657,0,0,30,0,2.1,1,0,1
107142462,657,0,0,34,0,2.8,1,0,1
107153195,669,0,0,29,0,2.0,1,0,1
107166707,426,0,0,47,0,2.3,1,0,1
107187071,659,0,0,32,0,3.5,1,0,1
107191094,492,0,0,44,0,2.1,1,1,2
107196033,500,1,0,29,0,2.3,3,2,1
107207724,486,0,0,44,0,2.6,1,0,1
107212605,152,0,0,27,0,1.7,1,0,1
107220802,370,0,0,52,0,3.8,1,1,2
107222386,387,0,0,30,0,1.7,1,0,1
107227230,237,0,0,36,0,2.8,1,0,1
107230326,425,0,0,29,0,2.4,1,0,1
107233036,424,0,0,29,0,1.8,1,0,1
107235387,181,0,0,35,0,1.3,1,2,1
107235954,264,0,0,42,0,2.8,1,0,1
107235965,187,0,0,29,0,3.1,1,0,1
107246839,503,1,0,26,0,2.6,1,0,1
107246850,503,1,0,32,0,2.8,1,0,1
107265899,322,0,0,49,0,3.2,1,0,1
107281739,158,0,0,31,0,3.1,1,0,1
107283574,601,0,0,39,0,3.2,1,0,1
107301050,446,0,0,39,0,3.6,1,0,1
107308040,234,0,0,34,0,2.1,1,0,1
107312510,627,0,0,43,0,3.7,1,0,1
107329629,569,0,0,52,0,3.7,1,1,3
107345189,346,1,0,23,0,1.9,1,0,1
107365496,489,0,0,37,0,2.4,1,0,1
107379148,441,0,0,44,0,3.3,1,0,1
107379163,441,0,0,32,0,2.7,1,0,1
107380855,204,0,0,44,0,2.5,1,2,1
107381798,522,0,0,56,0,3.4,1,1,2
107392396,223,0,0,40,0,1.8,1,0,1
107403063,459,0,0,39,0,2.8,1,1,2
107428294,466,0,0,59,0,4.0,1,2,1
107586304,661,0,0,44,0,2.4,1,0,1
107631387,491,0,0,39,0,2.0,1,0,1
107677803,373,0,0,52,0,2.5,1,1,2
107681959,387,1,0,25,0,1.6,1,0,1
107698417,335,1,0,36,0,2.1,1,0,1
107711074,521,0,0,41,0,2.4,1,0,1
107714230,324,0,0,53,0,3.8,1,0,1
107714267,324,0,0,52,0,3.0,1,0,1
107716738,488,0,0,47,0,2.5,1,2,1
107728081,424,0,0,46,0,3.1,1,0,1
107743283,254,0,0,29,0,3.1,1,0,1
107755206,549,0,0,49,0,3.6,1,0,1
107755218,549,0,0,34,0,3.1,1,0,1
107755253,549,0,0,26,0,2.8,1,0,1
107755261,549,0,0,37,0,2.9,1,0,1
107758295,651,0,0,32,0,2.5,1,0,1
107758342,655,0,0,34,0,2.7,1,0,1
107774491,552,0,0,62,0,3.9,1,2,2
107784443,181,0,0,23,0,2.4,1,0,1
107785133,96,0,0,37,0,2.8,1,0,1
107852485,153,0,0,26,0,2.8,1,0,1
107856016,230,0,0,43,0,2.3,1,0,1
107856027,230,0,0,32,0,2.2,1,0,1
107860363,427,0,0,44,0,2.1,1,0,1
107934642,442,0,0,42,0,2.4,1,2,1
108043545,574,0,0,52,0,3.9,1,1,2
108127687,503,1,0,23,0,2.3,1,0,1
108151365,178,0,0,42,0,3.6,1,0,1
108152210,178,0,0,31,0,3.4,1,0,1
108152226,191,0,0,32,0,2.8,1,0,1
108159532,543,1,0,54,0,3.7,1,2,1
108161029,484,0,0,35,0,2.6,1,0,1
108172884,561,0,0,26,0,3.3,1,0,1
108175274,461,0,0,31,0,2.0,1,0,1
108182590,178,0,0,40,0,2.8,1,0,1
108185756,484,0,0,36,0,2.4,1,0,1
108193179,181,0,0,29,0,2.2,1,0,1
108226533,658,0,0,42,0,3.8,1,0,1
108226542,658,0,0,34,0,3.3,1,0,1
108226547,658,0,0,32,0,3.3,1,0,1
108233303,326,0,0,32,0,2.5,1,0,1
108233461,491,0,0,39,0,2.9,1,0,1
108252810,230,0,0,37,0,1.9,1,0,1
108256301,187,0,0,34,0,2.7,1,0,1
108259493,655,0,0,47,0,3.4,1,0,1
108263642,249,0,0,37,0,2.8,1,0,1
108275813,501,1,0,33,0,3.2,3,0,1
108290668,392,0,0,37,0,2.5,1,0,1
108290711,189,0,0,29,0,2.4,1,0,1
108301230,371,0,0,34,0,3.5,1,0,1
108319428,170,0,0,42,0,1.3,1,0,1
108338622,594,1,0,31,0,3.1,1,0,1
108384463,621,0,0,29,0,1.5,1,0,1
108389072,442,0,0,26,0,2.9,1,0,1
108430436,488,0,0,34,0,1.4,1,0,1
108609759,357,0,0,34,0,2.5,1,0,1
108695777,670,0,0,38,0,2.7,1,0,1
108766319,441,0,0,32,0,3.6,1,0,1
108787826,294,1,0,30,0,2.3,1,0,1
108867060,566,0,0,53,0,3.6,1,2,4
108891366,606,0,0,52,0,3.1,1,1,3
109006293,611,0,0,26,0,3.2,1,0,1
109090935,428,0,0,34,0,2.5,1,0,1
109091051,428,0,0,29,0,2.6,1,0,1
109140587,170,0,0,42,0,3.0,1,0,1
109209914,191,0,0,41,0,3.4,1,0,1
109209931,484,0,0,39,0,2.6,1,0,1
109210084,364,0,0,44,0,3.7,1,0,1
109238338,658,0,0,23,0,2.5,1,0,1
109238350,658,0,0,26,0,2.7,1,0,1
109294203,657,0,0,43,0,2.9,1,0,1
109318244,248,0,0,45,0,2.7,1,0,1
109328507,154,1,0,27,0,3.1,1,0,1
109328512,153,1,0,35,0,2.6,1,0,1
109330568,178,0,0,29,0,2.5,1,0,1
109341291,639,0,0,42,0,2.6,1,0,1
109356518,658,0,0,44,0,3.5,1,0,1
109360389,178,0,0,37,0,2.5,1,0,1
109412189,181,0,0,34,0,3.2,1,0,1
109456096,396,0,0,32,0,1.9,1,0,1
109476926,619,1,0,29,0,2.2,1,0,1
109532096,604,0,0,49,0,3.4,1,1,2
109585393,156,0,0,45,0,3.0,1,1,2
109585903,549,0,0,54,0,3.4,1,2,2
109590615,436,0,0,44,0,2.2,1,1,2
109636132,578,0,0,57,0,4.0,1,2,1
109638837,604,0,0,42,0,3.7,1,0,1
109737854,206,0,0,34,0,2.1,1,0,1
109930142,585,0,0,52,0,3.8,1,1,3
109949573,452,0,0,42,0,2.5,1,0,1
109984845,473,0,0,26,0,2.5,1,0,1
109984857,473,0,0,27,0,1.9,1,0,1
110101413,393,0,0,26,0,2.5,1,0,1
110140392,653,0,0,29,0,2.6,1,0,1
110231621,570,0,0,45,0,3.3,1,0,1
110250975,355,0,0,37,0,2.4,1,0,1
110250991,355,0,0,39,0,1.8,1,1,2
110250997,355,1,0,27,0,2.4,1,0,1
110251137,354,0,0,42,0,2.6,1,1,2
110356279,439,0,0,47,0,3.9,1,0,1
110424888,401,1,0,43,0,2.0,1,2,1
110457319,593,0,0,42,0,3.5,1,0,1
110489442,309,0,0,52,0,3.0,1,2,1
110523573,439,0,0,39,0,2.5,1,0,1
110629043,426,1,0,44,0,2.9,5,0,1
110643424,601,0,0,32,0,2.8,1,0,1
110656465,334,0,0,38,0,2.9,1,0,1
110664367,628,1,0,40,0,4.0,7,2,1
110798669,254,0,0,29,0,2.5,1,0,1
110802895,181,0,0,28,0,1.6,1,0,1
110803154,491,0,0,47,0,2.9,1,0,1
110803176,491,0,0,32,0,3.4,1,0,1
110816935,320,0,0,47,0,2.4,1,2,1
110859964,488,0,0,33,0,2.3,1,0,1
110859980,488,0,0,32,0,2.1,1,0,1
110889566,439,0,0,37,0,3.6,1,0,1
110969192,439,0,0,39,0,3.5,1,0,1
110977359,182,0,0,32,0,2.8,1,0,1
111016186,435,0,0,44,0,3.5,1,1,2
111020092,549,0,0,41,0,3.0,1,0,1
111149916,581,1,0,29,0,3.1,1,0,1
111194234,416,0,0,52,0,3.5,1,2,1
111212723,176,0,0,52,0,3.1,1,2,1
111220463,117,1,0,26,0,2.7,1,0,1
111228846,570,0,0,42,0,2.6,1,0,1
111301554,629,0,0,32,0,2.4,1,0,1
111301575,629,0,0,44,0,2.6,1,0,1
111311288,570,0,0,54,0,3.8,1,1,2
111531368,448,0,0,29,0,2.1,1,0,1
111539509,393,0,0,29,0,2.6,1,0,1
111542020,476,0,0,32,0,2.4,1,0,1
111580359,448,0,0,26,0,2.1,1,0,1
111580381,448,0,0,29,0,2.4,1,0,1
111676526,448,0,0,32,0,1.7,1,0,1
111694680,457,0,0,37,0,2.5,1,0,1
111761521,601,0,0,42,0,3.0,1,2,1
111769220,569,0,0,34,0,2.8,1,0,1
111790230,570,0,0,54,0,3.4,1,2,1
111893873,524,0,0,25,0,2.3,1,0,1
111903271,414,0,0,29,0,2.4,1,0,1
111903301,435,0,0,34,0,2.2,1,0,1
111904645,630,0,0,37,0,2.9,1,0,1
111904726,630,0,0,29,0,1.7,1,0,1
111904742,630,0,0,47,0,2.4,1,0,1
111941682,152,0,0,32,0,3.0,1,0,1
111961383,492,0,0,37,0,3.1,1,0,1
111971153,364,0,0,42,0,2.6,1,0,1
112015974,234,0,0,47,0,3.0,1,0,1
112053342,251,0,0,34,0,2.1,1,0,1
112063799,323,0,0,49,0,3.5,1,1,2
112065984,439,0,0,29,0,2.0,1,0,1
112067046,267,0,0,47,0,3.4,1,1,2
112067981,492,0,0,44,0,2.6,1,0,1
112095476,431,0,0,52,0,3.5,1,1,2
112101317,418,0,0,40,0,3.6,1,0,1
112101352,431,0,0,40,0,3.0,1,0,1
112108364,643,0,0,59,0,3.6,1,2,1
112116406,543,1,0,36,0,2.2,1,0,1
112160433,237,0,0,42,0,2.0,1,0,1
112179017,110,1,0,26,0,1.4,1,0,1
112190381,427,0,0,29,0,2.5,1,0,1
112190397,427,0,0,47,0,2.3,1,2,1
112259438,581,1,0,36,0,3.3,4,0,1
112270844,181,0,0,38,0,1.9,1,0,1
112289818,571,0,0,49,0,3.5,1,2,1
112295556,330,0,0,37,0,2.3,1,0,1
112347621,629,0,0,32,0,2.1,1,0,1
112417079,188,0,0,23,0,2.2,1,0,1
112484032,629,0,0,42,0,3.0,1,0,1
112511931,408,0,0,34,0,2.3,1,0,1
112557064,670,0,0,33,0,2.8,1,0,1
112835972,142,0,0,29,0,2.3,1,0,1
112836233,377,0,0,37,0,2.6,1,0,1
112836276,377,0,0,35,0,2.0,1,0,1
112836417,142,0,0,26,0,1.8,1,2,1
112836447,377,0,0,29,1,2.5,1,0,1
112844518,468,0,0,42,0,3.0,1,0,1
112844621,468,0,0,49,0,3.3,1,1,2
112846211,209,0,0,37,0,2.3,1,0,1
112852508,611,0,0,26,0,2.3,1,0,1
112917904,427,0,0,38,0,1.7,1,0,1
113038879,153,0,0,29,0,2.3,1,0,1
113039050,153,0,0,32,0,2.7,1,0,1
113170173,548,0,0,62,0,3.8,1,2,2
113178586,373,0,0,28,0,2.2,1,0,1
113250922,168,0,0,26,0,2.7,1,0,1
113286106,550,0,0,39,0,3.2,1,0,1
113431769,468,0,0,54,0,3.7,1,1,2
113474285,377,0,0,38,0,1.9,1,0,1
113546691,494,0,0,38,0,1.8,1,1,2
113664798,550,0,0,44,0,3.3,1,0,1
113699177,257,0,0,29,0,2.5,1,0,1
113731295,589,0,0,47,0,3.4,1,2,1
114012282,463,0,0,49,0,3.2,1,0,1
114012313,464,0,0,52,0,3.2,1,2,1
114012359,331,0,0,30,0,2.5,1,0,1
114012397,332,0,0,39,0,2.5,1,0,1
114012413,332,0,0,37,0,2.7,1,0,1
114012513,331,0,0,33,0,2.8,1,0,1
114028771,332,0,0,42,0,3.0,1,0,1
114068868,619,1,0,29,0,2.2,2,2,1
114089122,448,0,0,32,0,2.3,1,0,1
114140839,487,0,0,52,0,3.1,1,2,1
114140845,487,0,0,49,0,2.3,1,0,1
114149484,331,0,0,52,0,3.3,1,1,3
114158727,465,0,0,54,0,2.8,1,2,2
114158750,464,0,0,53,0,3.2,1,2,1
114194877,471,0,0,37,0,2.3,1,0,1
114195083,471,0,0,35,0,2.6,1,0,1
114270018,465,0,0,55,0,2.8,1,2,1
114307522,621,0,0,32,0,2.4,2,0,1
114430626,489,0,0,42,0,2.6,1,0,1
114435866,489,0,0,44,0,2.5,1,0,1
114441945,540,0,0,52,0,3.8,1,1,2
114534087,525,0,0,64,0,3.8,1,1,14
114581191,544,0,1,54,0,3.4,1,1,2
114595292,253,0,0,42,0,2.8,1,0,1
114618324,334,0,0,32,0,2.7,1,0,1
114784177,425,0,0,23,0,2.1,1,0,1
114804208,358,0,0,54,0,3.5,1,2,1
114804995,551,0,0,58,0,3.7,1,1,2
114805042,551,0,0,37,0,2.8,1,0,1
114805061,551,0,0,47,0,3.0,1,0,1
114935630,503,1,0,34,0,2.8,1,0,1
114956407,260,0,0,28,0,2.5,2,0,1
115136357,260,0,0,32,0,1.9,1,0,1
115380088,408,0,0,39,0,1.8,1,1,2
115959536,385,0,0,32,0,2.9,2,0,1
115959627,385,0,0,44,0,2.9,1,1,2
115959647,385,0,0,32,0,2.7,1,0,1
116122044,661,0,0,52,0,2.5,1,0,1
116202042,295,1,0,36,0,3.8,1,2,1
116595088,524,0,0,42,0,2.6,1,0,1
116739990,624,0,0,30,0,3.6,1,0,1
116740061,624,0,0,27,0,3.0,1,0,1
116740123,623,0,0,29,0,2.0,1,0,1
116740150,624,0,0,26,0,2.1,1,0,1
116740165,624,0,0,23,0,2.5,1,0,1
116751464,623,0,0,36,0,2.7,1,0,1
116751519,623,0,0,34,0,2.1,1,0,1
117010155,624,0,0,39,0,3.0,1,2,1
117126919,588,0,0,32,0,2.6,1,0,1
117291118,318,0,0,49,0,2.2,1,1,2
117343662,588,0,0,47,0,3.3,1,0,1
117375810,588,0,0,34,0,3.0,1,0,1
117387590,493,0,0,30,0,2.7,1,0,1
117402922,551,0,0,37,0,2.6,1,0,1
117406623,418,0,0,52,0,2.8,1,1,3
117557944,656,0,0,42,0,3.3,1,1,2
117558093,588,0,0,34,0,3.0,1,0,1
117940677,590,0,0,42,0,3.5,1,0,1
118259212,589,0,0,47,0,3.6,1,0,1
118590352,464,0,0,26,0,2.4,1,0,1
118936340,488,0,0,30,0,2.3,1,0,1
119134066,430,1,1,27,1,3.5,6,0,1
119206065,366,0,0,39,0,2.2,1,0,1
119215905,498,1,0,20,0,2.6,1,0,1
119215928,498,1,0,29,0,3.5,1,0,1
119216000,498,0,0,34,0,2.9,1,2,1
119216011,498,1,0,33,0,3.3,1,0,1
119257462,651,0,0,29,0,2.5,1,0,1
119266804,657,0,0,29,0,2.0,1,0,1
119266823,657,0,0,32,0,2.7,1,0,1
119267832,475,0,0,24,0,2.5,1,0,1
119284015,656,0,0,26,0,1.7,1,0,1
119433549,490,0,0,42,0,2.3,1,0,1
119600477,591,0,0,37,0,2.8,1,0,1
119865776,558,0,0,39,0,2.4,1,0,1
119935970,619,0,0,28,0,2.2,1,0,1
120255673,669,0,0,33,0,2.7,1,0,1
120270800,634,0,0,34,0,3.3,1,0,1
120270999,634,0,0,42,0,3.8,1,0,1
120271061,634,0,0,52,0,3.5,1,0,1
120271137,634,0,0,43,0,3.6,1,0,1
120271151,634,0,0,52,0,3.3,1,2,1
120375376,583,0,0,26,0,1.6,1,0,1
120574215,409,0,0,34,0,2.0,1,0,1
120640969,656,0,0,47,0,4.0,1,2,1
120761129,517,0,0,30,2,1.6,1,0,1
120765388,499,1,0,26,0,3.5,8,0,1
121130201,545,1,0,17,0,2.4,3,0,1
121166594,503,1,0,29,0,2.6,1,0,1
121461179,303,0,0,54,0,3.5,1,2,1
121461271,305,0,0,52,0,2.7,1,1,2
121461292,275,1,0,42,0,2.0,1,2,1
121461306,305,0,0,34,0,1.7,1,1,2
121463975,299,0,0,36,0,3.0,1,1,2
121464013,282,0,0,36,0,2.0,1,1,2
121464048,384,0,0,44,1,2.0,1,2,1
121464092,207,0,0,44,0,3.0,1,0,1
121490068,451,0,0,26,0,2.5,1,0,1
121490158,451,0,0,32,0,2.7,1,0,1
121490174,451,0,0,42,0,1.5,1,0,1
121569868,409,0,0,29,0,1.0,1,0,1
121623204,643,0,0,20,0,2.3,1,0,1
121638456,451,0,0,20,0,2.8,1,0,1
121638708,451,0,0,26,0,2.5,1,0,1
121638786,451,0,0,29,1,1.0,1,0,1
121638898,303,0,0,32,0,0.0,1,0,1
121638929,225,0,0,29,0,2.3,1,0,1
121638986,222,0,0,39,0,2.4,1,0,1
121639081,451,0,0,42,0,2.5,1,0,1
121639121,275,0,0,39,0,2.5,1,0,1
121639140,283,0,0,52,0,3.3,1,0,1
121639158,275,0,0,39,0,2.0,1,0,1
121639251,226,0,0,32,0,2.4,1,0,1
121639280,305,1,0,36,0,2.5,1,0,1
121639316,226,0,0,44,0,3.3,1,0,1
121639371,450,0,0,39,0,2.9,1,0,1
121641131,305,0,0,52,0,2.0,1,1,2
121641160,305,0,0,52,0,2.0,1,0,1
121641269,303,0,0,39,0,2.0,1,0,1
121641323,274,0,0,42,0,2.9,1,0,1
121641359,303,0,0,49,0,0.5,1,2,1
121641374,303,0,0,34,0,1.0,1,0,1
121641831,303,0,0,34,0,1.7,1,0,1
121641838,386,0,0,39,0,2.2,1,2,1
121641893,284,0,0,30,0,1.4,1,0,1
121641907,284,0,0,39,0,3.0,1,0,1
121796659,643,0,0,34,0,2.3,1,0,1
121821220,517,0,0,41,0,2.5,1,2,1
123762540,643,0,0,26,0,1.0,1,0,1
126239812,656,0,0,26,0,2.5,1,0,1
126571538,670,0,0,29,0,2.3,1,0,1
