,Date,Route Type,Alpine,Rating,Safety,Avg Stars,Pitches,Lead Style,Attempts
0,1,1,0,1,1,3.4,1,1,1
1,1,1,0,2,1,2.7,1,1,1
2,1,1,0,3,1,3.8,3,1,1
3,2,1,0,4,1,3.8,1,4,2
4,3,1,0,3,1,2.7,1,4,1
5,1,1,0,3,1,3.5,1,4,1
6,4,2,0,5,1,3.9,1,1,1
7,4,2,0,6,1,3.7,1,1,1
8,2,1,0,3,1,3.2,1,3,1
9,3,1,0,6,1,3.7,1,1,1
10,5,1,0,6,1,3.3,1,4,1
11,4,2,0,7,1,3.9,1,4,1
12,6,1,0,3,1,3.3,1,4,1
13,7,2,0,8,1,2.1,1,4,1
14,8,2,0,1,1,2.4,1,1,1
15,8,2,0,9,1,3.4,1,4,2
16,5,1,0,10,1,3.9,1,4,1
17,9,1,0,1,1,3.6,1,3,1
18,9,1,0,11,1,2.6,1,1,1
19,5,1,0,6,1,3.3,1,1,1
20,9,1,0,12,1,3.8,1,4,1
21,10,2,0,13,1,3.6,1,1,1
22,11,1,0,14,1,3.8,5,4,1
23,10,2,0,15,1,2.2,1,1,1
24,10,2,0,8,1,2.0,1,1,1
25,12,2,0,5,1,2.6,1,1,1
26,12,1,0,15,1,3.3,1,1,1
27,13,2,0,16,1,2.8,1,1,1
28,14,2,0,11,2,2.6,1,1,1
29,14,1,0,16,1,3.7,1,1,1
30,15,1,0,11,1,3.1,1,3,1
31,16,2,0,13,1,3.3,1,1,1
32,17,2,0,8,1,3.7,1,1,1
33,15,2,0,16,1,2.8,1,1,1
34,15,2,0,17,1,3.6,1,1,1
35,15,2,0,15,1,2.8,1,1,1
36,18,1,0,18,1,2.6,1,1,1
37,19,2,0,11,1,1.2,1,1,1
38,20,2,0,19,1,1.2,1,1,1
39,21,2,0,20,1,2.5,1,1,1
40,22,2,0,21,1,2.9,3,3,1
41,23,1,0,22,1,3.2,4,1,1
42,24,2,0,23,1,3.1,1,1,1
43,25,2,0,17,1,2.4,1,1,1
44,26,2,0,9,1,3.6,1,4,1
45,27,2,0,24,1,3.6,1,4,3
46,28,2,0,25,1,3.7,1,3,1
47,29,2,0,26,1,2.7,1,1,1
48,30,2,0,7,1,3.6,1,4,2
49,31,2,0,9,1,2.8,1,4,3
50,32,1,1,15,1,3.8,8,2,1
51,33,2,0,23,1,2.2,1,2,1
52,34,2,0,5,1,2.7,1,3,1
53,35,2,0,13,1,3.0,1,4,3
54,36,2,0,11,1,2.3,1,1,1
55,37,1,0,27,3,3.6,3,1,1
56,38,2,0,20,1,3.5,1,1,1
57,39,1,0,11,1,3.4,4,1,1
58,38,2,0,17,1,3.3,1,1,1
59,40,1,0,20,1,3.8,4,4,2
60,41,1,0,27,1,3.9,2,4,1
61,42,1,0,22,1,2.9,2,1,1
62,43,2,0,13,1,3.1,1,4,1
63,44,2,0,14,1,3.7,1,3,1
64,44,2,0,18,1,2.9,1,3,1
65,45,2,0,5,1,2.2,1,4,2
66,46,2,0,9,1,3.0,1,4,3
67,47,2,0,7,1,3.0,1,4,4
68,42,1,0,15,1,3.5,1,2,1
69,48,2,0,28,1,2.9,1,1,1
70,49,2,0,13,1,3.5,1,1,1
71,48,2,0,29,1,3.4,1,1,1
72,50,2,0,30,1,3.8,1,4,1
73,51,2,0,20,1,3.0,1,1,1
74,52,2,0,31,1,2.5,1,4,2
75,53,2,0,18,1,2.4,1,4,2
76,54,2,0,7,1,3.1,1,4,1
77,55,1,0,27,1,2.7,1,1,1
78,56,2,0,26,1,1.9,1,3,1
79,22,2,0,3,1,3.2,3,1,1
80,57,1,0,2,1,3.0,1,1,1
81,58,2,0,7,1,2.4,1,4,1
82,34,2,0,20,1,2.1,1,1,1
83,59,2,0,5,1,2.8,1,4,1
84,59,2,0,21,1,2.5,1,1,1
85,59,2,0,11,1,1.9,1,1,1
86,60,2,0,23,1,2.5,2,1,1
87,61,2,0,24,1,3.1,1,4,2
88,62,1,0,11,1,3.1,1,3,1
89,63,2,0,9,1,2.9,2,4,1
90,64,1,0,27,1,2.3,1,1,1
91,65,2,0,8,1,2.5,1,1,1
92,66,2,0,8,1,2.4,1,1,1
93,65,2,0,13,1,3.4,1,1,1
94,67,2,0,27,1,2.7,1,1,1
95,68,1,0,9,1,3.5,1,2,1
96,49,2,0,20,1,2.5,1,1,1
97,66,2,0,13,1,3.6,1,1,1
98,69,2,0,17,1,2.5,1,1,1
99,70,2,0,31,1,3.8,1,4,3
100,71,2,0,31,1,3.6,1,4,4
101,72,2,0,9,1,3.0,1,4,2
102,73,2,0,21,1,3.5,1,3,1
103,73,2,0,18,1,2.7,1,1,1
104,74,2,0,14,1,3.6,1,1,1
105,75,2,0,18,1,2.8,1,1,1
106,76,1,1,8,1,3.6,4,4,1
107,77,2,0,14,1,3.1,1,4,2
108,78,2,0,15,1,0.9,1,4,1
109,30,2,0,1,1,1.7,1,1,1
110,79,2,0,5,1,2.9,1,4,2
111,37,1,0,17,1,2.8,1,1,1
112,80,2,0,20,1,3.6,1,4,2
113,81,1,0,32,3,1.9,1,1,1
114,82,1,0,11,1,3.0,3,1,1
115,34,2,0,1,1,2.4,1,1,1
116,83,1,0,15,1,3.4,3,1,1
117,84,2,0,21,1,2.0,1,4,1
118,84,2,0,18,1,1.7,1,1,1
119,21,2,0,13,1,2.6,1,4,1
120,85,2,0,8,1,2.6,1,1,1
121,86,2,0,4,1,2.9,1,4,2
122,87,2,0,5,1,3.3,1,4,3
123,88,2,0,15,1,0.8,1,1,1
124,88,2,0,27,1,1.1,1,1,1
125,88,2,0,18,1,1.9,1,1,1
126,88,2,0,18,1,1.5,1,1,1
127,88,2,0,10,1,1.4,1,1,1
128,88,2,0,23,1,1.9,1,1,1
129,28,2,0,20,1,3.3,1,3,1
130,86,2,0,33,1,2.3,1,1,1
131,89,2,0,14,1,2.1,1,3,1
132,89,2,0,25,1,2.5,1,4,1
133,90,2,0,7,1,3.7,1,4,4
134,91,2,0,5,1,3.6,1,4,2
135,92,2,0,7,1,3.8,1,4,1
136,93,2,0,13,1,3.6,1,1,1
137,94,2,0,5,1,3.8,1,4,2
138,48,2,0,12,1,3.4,1,4,1
139,42,1,0,15,1,3.4,1,1,1
140,29,2,0,20,1,2.6,1,4,2
141,73,2,0,20,1,3.6,1,3,1
142,95,2,0,20,1,2.4,1,4,2
143,53,2,0,18,1,2.4,1,1,1
144,96,2,0,15,1,2.1,1,1,1
145,97,2,0,8,1,3.5,1,1,1
146,98,2,0,8,1,2.5,1,3,1
147,91,2,0,29,1,2.6,1,1,1
148,66,2,0,29,1,2.6,1,1,1
149,38,2,0,5,1,3.4,1,1,1
150,48,2,0,16,1,1.8,1,3,1
151,99,2,0,18,1,2.6,1,4,2
152,99,2,0,5,1,3.1,1,4,2
153,100,2,0,7,1,3.6,1,4,2
154,67,2,0,9,1,3.9,1,4,1
155,65,2,0,9,1,3.2,1,1,1
156,100,2,0,8,1,2.6,1,1,1
157,101,2,0,14,1,2.5,1,4,1
158,102,1,0,28,1,3.2,1,1,1
159,103,2,0,9,1,3.4,1,4,5
160,104,2,0,7,1,3.5,1,4,2
161,105,2,0,13,1,2.9,1,4,3
162,106,2,0,20,1,3.1,1,1,1
163,107,2,0,15,1,2.9,1,1,1
164,108,2,0,15,1,2.3,1,1,1
165,107,2,0,20,1,2.7,1,4,1
166,109,2,0,17,1,2.8,1,3,1
167,110,2,0,5,1,2.9,1,4,2
168,65,2,0,4,1,3.0,1,1,1
169,111,2,0,20,1,2.7,1,3,1
170,112,1,0,5,1,3.9,1,4,1
171,111,2,0,5,1,2.5,1,4,1
172,113,2,0,20,1,2.4,1,3,1
173,114,2,0,23,1,2.6,1,3,1
174,115,2,0,5,1,3.4,1,4,2
175,116,2,0,13,1,2.9,1,4,1
176,117,2,0,9,1,2.9,1,4,3
177,110,2,0,13,1,3.1,1,1,1
178,108,2,0,20,1,3.8,1,4,1
179,118,2,0,20,1,2.7,1,3,1
180,111,2,0,23,1,2.7,1,1,1
181,119,2,0,17,1,2.6,1,1,1
182,120,2,0,9,1,3.8,1,1,1
183,110,2,0,14,1,3.0,1,1,1
184,121,2,0,13,1,3.4,1,4,1
185,122,2,0,17,1,2.9,1,1,1
186,118,2,0,5,1,3.6,1,1,1
187,123,2,0,5,1,2.9,1,4,3
188,124,2,0,23,1,3.4,1,1,1
189,125,2,0,20,1,2.5,1,1,1
190,126,2,0,20,1,3.8,1,4,2
191,127,2,0,15,1,2.6,1,1,1
192,94,2,0,20,1,3.0,1,1,1
193,128,2,0,9,1,2.8,1,4,2
194,129,2,0,17,1,1.9,1,3,1
195,130,1,0,11,1,3.2,4,1,1
196,35,2,0,13,1,2.0,1,2,1
197,131,2,0,15,1,2.9,1,1,1
198,132,2,0,20,1,2.6,1,1,1
199,133,2,0,15,1,3.5,1,1,1
200,134,2,0,16,1,1.8,1,1,1
201,135,2,0,20,1,2.9,1,1,1
202,50,2,0,13,1,2.2,1,4,1
203,120,1,0,7,1,3.6,1,4,1
204,114,2,0,7,1,3.7,1,4,1
205,58,1,0,11,1,2.7,1,3,1
206,58,2,0,9,1,3.5,1,4,2
207,114,2,0,27,1,3.4,1,1,1
208,114,2,0,8,1,2.5,1,1,1
209,67,2,0,15,1,2.0,1,1,1
210,136,2,0,9,1,2.7,1,4,1
211,137,2,0,11,1,2.1,1,1,1
212,105,2,0,26,1,2.7,1,1,1
213,105,2,0,27,1,2.3,1,1,1
214,129,2,0,8,1,2.3,1,1,1
215,138,1,0,15,1,3.0,2,1,1
216,139,1,0,2,1,2.6,1,1,1
217,124,2,0,23,1,3.5,1,3,1
218,112,2,0,31,1,3.1,1,4,1
219,106,2,0,9,1,2.3,1,4,1
220,140,2,0,17,1,2.6,1,1,1
221,141,2,0,7,1,2.5,1,4,1
222,60,2,0,9,1,2.8,1,3,1
223,142,2,0,23,1,3.1,1,3,1
224,121,2,0,4,1,2.7,1,1,1
225,139,1,0,8,1,3.3,1,4,2
226,112,2,0,23,1,2.6,1,4,1
227,143,2,0,34,1,3.7,1,4,1
228,144,2,0,35,1,2.7,1,3,1
229,109,2,0,23,1,3.5,1,1,1
230,91,2,0,15,1,1.8,1,1,1
231,110,2,0,33,1,2.6,1,4,1
232,145,2,0,23,1,2.6,1,1,1
233,144,2,0,16,1,2.4,1,1,1
234,144,2,0,27,1,2.1,1,1,1
235,144,2,0,2,1,2.3,1,1,1
236,124,2,0,3,1,2.3,1,1,1
237,145,2,0,19,1,1.8,1,2,1
238,93,2,0,13,1,3.3,1,4,2
239,97,2,0,15,1,3.1,1,3,1
240,91,2,0,4,1,2.4,1,1,1
241,59,2,0,20,1,2.8,1,3,1
242,108,2,0,23,1,3.3,1,2,1
243,146,2,0,15,1,2.3,1,1,1
244,147,2,0,20,1,3.4,2,1,1
245,88,1,0,8,1,2.5,1,3,1
246,38,2,0,18,1,3.1,1,1,1
247,48,1,0,23,1,2.4,1,1,1
248,148,2,0,11,1,3.5,1,1,1
249,149,2,0,4,1,2.2,1,1,1
250,121,2,0,9,1,2.7,1,4,2
251,121,2,0,16,1,1.7,1,1,1
252,97,2,0,20,1,2.7,1,1,1
253,150,2,0,24,1,3.7,1,4,3
254,124,2,0,9,1,3.5,1,3,1
255,56,1,0,16,1,2.5,1,1,1
256,151,2,0,7,1,3.9,1,4,2
257,110,2,0,11,1,2.7,1,1,1
258,51,2,0,4,1,2.5,1,3,1
259,49,2,0,4,1,2.5,1,1,1
260,152,2,0,20,1,2.4,1,1,1
261,153,2,0,9,1,3.4,1,4,2
262,66,2,0,20,1,2.2,1,1,1
263,85,2,0,8,1,2.6,1,1,1
264,127,2,0,15,1,2.7,1,1,1
265,129,2,0,2,1,2.2,1,3,1
266,31,2,0,11,1,1.5,1,1,1
267,146,2,0,3,1,2.0,1,3,1
268,154,2,0,23,1,2.6,1,4,2
269,71,2,0,15,1,1.8,1,1,1
270,108,2,0,27,1,2.1,1,1,1
271,155,2,0,3,1,2.5,1,1,1
272,144,2,0,13,1,3.6,1,1,1
273,156,1,0,15,1,3.0,1,4,1
274,157,1,0,27,1,2.5,1,1,1
275,157,2,0,16,1,3.6,1,1,1
276,21,2,0,20,1,2.6,1,1,1
277,158,1,1,2,1,3.6,8,1,1
278,159,2,0,13,1,3.5,1,4,1
279,21,2,0,23,1,2.8,1,1,1
280,160,1,1,16,1,2.6,6,1,1
281,146,2,0,3,1,1.5,1,1,1
282,161,2,0,14,1,2.5,1,4,1
283,62,2,0,4,1,2.2,1,4,1
284,8,2,0,11,1,2.0,1,1,1
285,162,2,0,16,1,3.2,1,1,1
286,163,2,0,15,1,2.9,1,1,1
287,164,2,0,5,1,2.8,1,4,2
288,162,2,0,22,1,2.3,1,1,1
289,165,2,0,20,1,3.6,1,1,1
290,166,2,0,20,1,3.0,1,2,1
291,167,2,0,8,1,2.8,1,1,1
292,168,2,0,20,1,3.8,1,4,2
293,169,1,0,27,1,2.7,1,2,1
294,170,2,0,9,1,3.3,1,4,2
295,171,2,0,13,1,3.3,1,3,1
296,172,1,0,11,1,3.6,3,1,1
297,173,1,0,35,1,3.7,4,1,1
298,174,2,0,18,1,3.5,1,1,1
299,175,1,0,15,1,3.0,1,1,1
300,175,2,0,7,1,3.9,1,4,3
301,176,1,0,11,1,3.7,1,4,2
302,8,2,0,15,1,2.6,1,1,1
303,177,2,0,13,1,3.1,1,4,3
304,162,2,0,8,1,2.6,1,1,1
305,178,1,0,27,1,2.7,2,1,1
306,178,1,0,29,1,2.9,1,1,1
307,178,1,0,10,1,3.0,1,4,2
308,17,2,0,13,1,3.8,1,4,1
309,17,1,0,35,2,2.6,1,1,1
310,17,2,0,20,1,3.4,1,1,1
311,179,2,0,6,1,3.0,1,1,1
312,163,2,0,17,1,3.5,2,1,1
313,174,2,0,18,1,3.5,1,1,1
314,180,1,1,15,1,3.6,6,4,1
315,43,2,0,15,1,2.3,1,3,1
316,181,2,0,8,1,3.5,1,1,1
317,181,2,0,15,1,2.7,1,3,1
318,181,2,0,23,1,3.5,1,3,1
319,164,1,0,23,1,3.8,1,3,1
320,182,2,0,13,1,2.9,1,4,1
321,183,1,1,11,1,3.5,6,1,1
322,177,2,0,11,1,3.1,1,1,1
323,165,2,0,8,1,2.9,1,1,1
324,175,2,0,5,1,3.5,1,4,1
325,184,1,1,16,1,3.8,5,1,1
326,185,2,0,8,1,2.9,1,1,1
327,6,1,0,3,1,2.6,1,3,1
328,71,2,0,29,1,3.1,1,1,1
329,49,2,0,23,1,2.5,1,1,1
330,182,2,0,8,1,3.2,1,1,1
331,186,2,0,23,1,3.3,1,3,1
332,186,2,0,15,1,2.4,1,1,1
333,187,2,0,23,1,3.4,1,4,2
334,12,2,0,16,1,2.6,1,1,1
335,188,2,0,20,1,3.4,1,1,1
336,164,2,0,23,1,3.0,1,1,1
337,189,1,0,35,1,3.8,5,4,1
338,190,2,0,23,1,2.4,1,1,1
339,179,2,0,29,1,3.0,1,1,1
340,188,2,0,7,1,2.9,1,4,2
341,51,2,0,27,1,2.2,1,1,1
342,10,2,0,2,1,2.1,1,1,1
343,10,2,0,20,1,3.4,1,4,2
344,164,1,0,15,1,2.8,1,1,1
345,166,2,0,15,1,2.3,1,1,1
346,164,1,0,16,1,3.1,1,1,1
347,190,2,0,11,1,3.0,1,1,1
348,87,2,0,8,1,2.1,1,1,1
349,191,2,0,7,1,3.7,1,4,1
350,192,2,0,24,1,3.7,1,4,1
351,155,2,0,29,1,2.5,1,1,1
352,148,2,0,17,1,2.7,1,1,1
353,148,2,0,36,1,3.5,1,3,1
354,192,2,0,23,1,2.9,1,1,1
355,192,2,0,15,1,3.0,1,1,1
356,192,2,0,18,1,2.6,1,1,1
357,155,2,0,20,1,3.0,1,1,1
358,193,2,0,12,1,3.4,1,1,1
359,194,2,0,7,1,3.9,1,4,1
360,195,2,0,18,1,3.5,1,1,1
361,195,2,0,13,1,3.8,1,1,1
362,196,2,0,17,1,2.7,1,3,1
363,197,2,0,20,1,3.7,1,4,2
364,196,2,0,23,1,2.7,1,4,2
365,198,2,0,17,1,3.4,1,2,1
366,199,2,0,23,1,3.4,1,3,1
367,16,2,0,16,1,2.5,1,1,1
368,16,2,0,11,1,3.0,1,1,1
369,200,2,1,18,1,3.0,1,4,1
370,201,1,0,16,1,3.2,1,1,1
371,202,1,0,11,1,3.6,1,1,1
372,203,2,0,8,1,3.6,1,1,1
373,203,2,0,23,1,3.7,1,1,1
374,202,1,0,15,1,3.6,1,2,1
375,191,2,0,3,1,2.6,3,1,1
376,204,1,0,22,1,2.5,1,1,1
377,198,2,0,8,1,2.2,1,1,1
378,205,2,0,7,1,3.4,1,3,1
379,206,2,0,8,1,3.1,1,1,1
380,206,2,0,35,1,2.6,1,3,1
381,207,1,1,3,1,3.5,12,1,1
382,208,2,0,23,1,3.3,1,1,1
383,209,2,0,23,1,3.0,1,1,1
384,208,2,0,15,1,2.6,1,1,1
385,210,1,0,15,1,2.7,1,1,1
386,136,2,0,8,1,2.8,1,1,1
387,211,2,0,20,1,3.3,1,1,1
388,212,2,0,9,1,3.5,1,1,1
389,212,2,0,7,1,3.8,1,3,1
390,213,2,0,28,1,3.7,1,1,1
391,208,2,0,17,1,2.8,1,1,1
392,205,2,0,23,1,2.7,1,1,1
393,214,1,0,16,1,3.2,1,1,1
394,202,1,0,11,2,2.6,1,1,1
395,215,1,1,23,1,4.0,12,4,1
396,216,2,0,9,1,3.0,1,4,2
397,196,2,0,7,1,3.2,1,3,1
398,217,2,0,13,1,3.1,1,2,1
399,145,2,0,4,1,3.0,1,1,1
400,218,2,0,9,1,3.5,1,1,1
401,219,2,0,16,1,3.1,1,1,1
402,220,2,0,15,1,2.7,1,1,1
403,168,2,0,7,1,3.1,1,4,4
404,221,1,0,16,1,3.4,1,1,1
405,222,1,0,10,1,3.5,1,4,1
406,221,1,0,11,1,2.6,1,1,1
407,223,2,0,11,1,3.2,1,1,1
408,223,2,0,18,1,3.5,1,1,1
409,223,2,0,20,1,3.1,1,4,2
410,224,2,0,11,1,2.6,1,1,1
411,222,1,0,11,1,2.9,1,1,1
412,225,2,0,7,1,3.2,1,4,2
413,226,1,0,16,1,2.9,1,1,1
414,226,1,0,37,2,2.2,1,1,1
415,12,2,0,16,1,2.7,1,1,1
416,227,1,0,11,1,2.0,1,1,1
417,227,1,0,16,1,2.4,1,1,1
418,201,1,0,15,1,3.4,1,1,1
419,201,1,0,16,1,2.8,1,1,1
420,220,2,0,3,1,3.1,1,1,1
421,220,2,0,8,1,2.5,1,4,1
422,228,2,0,13,1,3.7,1,2,2
423,229,2,0,9,1,3.4,1,4,1
424,10,2,0,13,1,3.2,1,1,1
425,230,2,0,23,1,2.4,1,1,1
426,231,2,0,9,1,3.6,1,3,1
427,221,1,0,8,1,3.3,1,1,1
428,109,2,0,20,1,3.6,1,3,1
429,232,2,0,7,1,3.5,1,4,2
430,233,1,0,15,1,3.8,1,4,1
431,234,2,0,27,1,3.5,1,1,1
432,234,2,0,8,1,2.8,1,1,1
433,235,2,0,38,1,3.9,1,4,1
434,187,2,0,28,1,2.8,1,4,1
435,10,2,0,15,1,2.3,1,1,1
436,236,2,0,23,1,3.6,1,1,1
437,202,1,0,11,1,2.9,1,1,1
438,237,2,0,5,1,3.6,1,1,1
439,212,2,0,7,1,3.6,1,4,1
440,200,2,1,15,1,2.5,1,1,1
441,238,1,0,22,1,3.1,1,1,1
442,239,1,0,22,1,3.6,1,1,1
443,201,1,0,37,1,2.4,1,1,1
444,214,1,0,16,1,3.4,1,3,1
445,235,2,0,15,1,3.5,1,1,1
446,240,2,0,20,1,3.8,1,3,1
447,193,2,0,17,1,3.0,1,1,1
448,136,2,0,11,1,2.5,1,1,1
449,136,2,0,8,1,3.0,1,1,1
450,136,2,0,23,1,2.7,1,1,1
451,241,2,0,27,1,2.7,1,1,1
452,242,1,0,11,1,1.0,1,1,1
453,114,2,0,2,1,2.7,1,3,1
454,243,2,0,27,1,3.5,1,1,1
455,243,2,0,23,1,2.8,1,1,1
456,243,2,0,24,1,3.8,1,4,1
457,244,2,0,30,1,3.9,1,4,1
458,245,2,0,9,1,3.4,1,4,2
459,136,2,0,18,1,2.8,1,1,1
460,200,2,1,23,1,2.4,1,4,1
461,111,2,0,13,1,3.3,1,1,1
462,16,2,0,9,1,3.8,1,4,1
463,234,2,0,13,1,3.6,1,1,1
464,212,2,0,8,1,2.9,1,1,1
465,113,2,0,5,1,2.2,1,4,1
466,129,1,0,37,1,2.6,5,1,1
467,246,2,0,13,1,3.2,1,4,1
468,206,2,0,20,1,2.3,1,1,1
469,199,2,0,8,1,2.4,1,1,1
470,198,2,0,23,1,2.8,1,1,1
471,198,2,0,11,1,1.7,1,1,1
472,97,2,0,10,1,3.7,1,1,1
473,165,2,0,7,1,3.4,1,4,1
474,247,2,0,8,1,3.0,1,1,1
475,247,2,0,20,1,3.6,1,4,1
476,174,2,0,16,1,2.0,1,1,1
477,248,2,0,35,1,2.6,1,1,1
478,2,1,0,28,1,2.7,1,4,1
479,247,2,0,23,1,3.7,1,1,1
480,247,2,0,18,1,2.5,1,1,1
481,248,2,0,25,1,3.7,1,4,1
482,244,2,0,31,1,3.0,1,4,1
483,165,2,0,30,1,4.0,1,4,1
484,249,1,0,17,1,3.1,7,1,1
485,205,2,0,23,1,2.5,1,3,1
486,219,2,0,8,1,3.5,1,1,1
487,250,2,0,23,1,3.7,1,1,1
488,251,2,0,33,1,3.7,1,1,1
489,250,2,0,18,1,3.6,1,1,1
490,252,2,0,15,1,3.0,1,1,1
491,253,2,0,15,1,2.2,1,1,1
492,54,2,0,27,1,2.1,1,1,1
493,203,2,0,9,1,3.8,1,1,1
494,240,2,0,23,1,3.6,1,1,1
495,254,2,0,8,1,3.7,1,3,1
496,255,1,0,3,1,3.6,1,1,1
497,256,1,0,7,1,3.6,1,4,2
498,230,2,0,20,1,3.3,1,1,1
499,230,2,0,23,1,3.5,1,1,1
500,223,2,0,9,1,3.9,1,4,1
501,128,2,0,15,1,1.5,1,1,1
502,257,1,0,19,1,2.0,1,1,1
503,251,2,0,9,1,3.1,1,4,1
504,213,2,0,17,1,2.7,1,1,1
505,131,2,0,15,1,2.8,1,1,1
506,258,2,0,23,1,3.1,1,3,1
507,94,2,0,15,1,2.3,1,1,1
508,136,2,0,18,1,2.5,1,4,1
509,69,2,0,15,1,2.3,1,1,1
510,8,2,0,10,1,2.4,1,4,1
511,259,1,0,37,1,2.9,2,1,1
512,162,2,0,8,1,2.3,1,1,1
513,137,2,0,32,1,2.4,1,1,1
514,129,2,0,11,1,2.3,1,1,1
515,129,2,0,23,1,2.1,1,3,1
516,260,2,0,7,1,3.8,1,4,1
517,243,2,0,14,1,3.6,1,1,1
518,261,2,0,14,1,3.5,1,4,2
519,195,2,0,11,1,1.6,1,1,1
520,262,2,0,23,1,3.3,1,1,1
521,262,2,0,17,1,2.2,1,1,1
522,262,2,0,8,1,2.2,1,1,1
523,195,2,0,8,1,2.7,1,1,1
524,236,1,0,11,1,2.7,1,1,1
525,263,2,0,27,1,3.0,1,1,1
526,264,2,0,5,1,3.8,1,4,2
527,265,2,0,11,1,2.8,1,1,1
528,137,2,0,15,1,2.4,1,1,1
529,88,2,0,15,1,2.5,1,1,1
530,193,2,0,21,1,3.0,1,4,1
531,250,2,0,20,1,2.9,1,3,1
532,246,2,0,15,1,3.2,1,3,1
533,266,1,0,11,1,3.3,3,1,1
534,267,2,0,11,1,2.2,1,1,1
535,244,2,0,17,1,2.3,1,1,1
536,222,1,0,1,1,2.9,1,1,1
537,150,2,0,5,1,2.4,1,4,1
538,268,2,0,9,1,3.9,1,4,1
539,269,2,0,8,1,2.8,1,3,1
540,230,2,0,9,1,3.5,1,4,4
541,230,2,0,20,1,3.0,1,1,1
542,270,2,0,28,1,2.4,1,1,1
543,270,2,0,14,1,2.7,1,3,1
544,270,2,0,13,1,2.9,1,4,1
545,261,2,0,20,1,2.5,1,1,1
546,267,2,0,16,1,2.4,1,1,1
547,122,2,0,18,1,2.4,1,1,1
548,271,2,0,5,1,2.8,1,2,1
549,272,1,0,16,1,1.9,1,1,1
550,94,2,0,11,1,1.9,1,1,1
551,273,2,0,8,1,2.7,1,3,1
552,274,2,0,27,1,2.1,1,1,1
553,275,2,0,9,1,3.3,1,2,1
554,274,2,0,18,1,2.3,1,4,1
555,168,2,0,13,1,3.7,1,4,2
556,125,2,0,9,1,3.1,1,2,1
557,276,2,0,23,1,3.3,1,2,1
558,120,2,0,18,1,2.0,1,1,1
559,277,2,0,23,1,2.8,1,2,1
560,278,2,0,13,1,2.5,1,1,1
561,279,2,0,7,1,2.7,1,4,6
562,235,2,0,5,1,3.6,1,4,1
563,208,2,0,16,1,2.8,1,1,1
564,271,1,0,23,1,2.9,1,2,2
565,280,1,0,16,1,3.2,1,1,1
566,281,2,0,16,1,2.1,1,1,1
567,225,2,0,8,1,2.2,1,3,1
568,132,2,0,17,1,2.4,1,3,1
569,282,2,0,16,1,2.1,1,1,1
570,283,2,0,9,1,2.8,1,4,3
571,219,2,0,9,1,3.5,1,4,3
572,284,1,0,22,1,2.4,1,1,1
573,219,2,0,11,1,1.9,1,1,1
574,214,1,0,19,1,2.7,1,1,1
575,132,2,0,18,1,2.7,1,3,1
576,285,2,0,23,1,3.5,1,1,1
577,286,2,0,20,1,3.7,1,1,1
578,262,2,0,5,1,3.8,1,3,1
579,285,2,0,17,1,2.5,1,4,2
580,219,2,0,16,1,1.8,1,1,1
581,218,2,0,15,1,2.2,1,1,1
582,206,2,0,8,1,2.8,1,1,1
583,157,2,0,6,1,2.1,1,3,1
584,254,2,0,20,1,3.7,1,2,1
585,230,2,0,13,1,3.3,1,1,1
586,287,2,0,23,1,3.6,1,1,1
587,288,2,0,28,1,2.8,1,3,1
588,192,2,0,23,1,2.7,1,1,1
589,3,1,0,11,1,2.2,1,1,1
590,289,2,0,34,1,3.4,1,4,3
591,225,2,0,23,1,3.6,1,3,1
592,65,2,0,5,1,3.7,1,4,1
593,290,2,0,23,1,1.6,1,4,2
594,291,2,0,38,1,3.6,1,4,1
595,292,2,0,2,1,3.3,5,1,1
596,292,2,0,17,1,3.4,1,1,1
597,202,1,0,11,1,2.8,2,1,1
598,254,2,0,13,1,3.1,1,4,2
599,150,2,0,17,1,2.5,1,1,1
600,224,2,0,13,1,3.2,1,3,1
601,172,2,0,29,1,3.0,4,4,1
602,171,2,0,9,1,3.7,1,1,1
603,293,1,0,8,1,3.0,1,1,1
604,244,2,0,15,1,2.4,1,1,1
605,294,2,0,11,1,3.0,8,1,1
606,237,2,0,9,1,3.8,1,1,1
607,263,2,0,13,1,3.2,1,1,1
608,236,1,0,16,1,2.3,1,1,1
609,229,2,0,18,1,2.7,1,4,1
610,295,2,0,7,1,4.0,1,4,1
611,296,2,0,7,1,3.8,1,4,2
612,107,2,0,15,1,2.0,1,1,1
613,295,2,0,7,1,3.0,1,4,1
614,297,2,0,23,1,3.1,1,1,1
615,297,1,0,16,1,2.9,2,1,1
616,259,1,0,11,1,3.1,6,1,1
617,295,2,0,9,1,3.3,1,4,2
618,126,2,0,10,1,3.7,4,1,1
619,298,2,0,13,1,3.0,1,1,1
620,299,2,0,23,1,2.5,1,1,1
621,196,2,0,9,1,3.2,1,3,1
622,300,2,0,9,1,3.9,1,4,1
623,301,2,0,9,1,3.5,1,4,1
624,301,2,0,7,1,3.3,1,4,1
625,302,2,0,24,1,3.7,1,4,1
626,284,1,0,16,1,2.8,1,1,1
627,247,2,0,17,1,2.8,1,1,1
628,247,2,0,18,1,3.0,1,1,1
629,288,2,0,20,1,2.5,1,1,1
630,288,2,0,11,1,2.5,1,1,1
631,303,1,0,18,1,3.1,1,4,2
632,303,2,0,8,1,2.1,1,1,1
633,303,2,0,11,1,1.8,1,1,1
634,303,2,0,15,1,2.0,1,1,1
635,304,2,0,27,1,2.6,1,1,1
636,304,2,0,23,1,3.4,1,3,1
637,305,1,0,3,1,3.2,1,1,1
638,305,1,0,11,1,2.8,1,1,1
639,306,2,0,5,1,3.4,1,4,1
640,306,2,0,18,1,3.4,1,1,1
641,302,2,0,5,1,3.8,1,4,2
642,307,2,0,38,1,3.2,1,4,5
643,43,2,0,16,1,2.5,1,3,1
644,308,2,0,11,1,2.1,1,1,1
645,246,2,0,17,1,2.7,1,1,1
646,93,2,0,35,1,2.3,1,3,1
647,267,2,0,15,1,2.5,1,1,1
648,309,2,0,9,1,3.7,4,2,1
649,308,2,0,8,1,2.7,1,1,1
650,310,2,0,24,1,3.1,1,4,1
651,44,2,0,27,1,2.4,1,1,1
652,311,2,0,27,1,1.8,1,1,1
653,311,2,0,15,1,1.8,1,4,1
654,312,1,0,26,1,2.6,1,1,1
655,312,1,0,6,1,3.2,1,4,1
656,100,2,0,4,1,3.1,1,3,1
657,227,1,0,1,1,2.2,1,1,1
658,255,1,0,22,1,2.2,1,1,1
659,142,2,0,7,1,2.5,1,4,1
660,73,2,0,15,2,1.1,1,1,1
661,44,2,0,35,1,2.3,1,1,1
662,313,1,0,31,1,3.1,1,4,1
663,314,2,0,29,1,2.4,1,1,1
664,224,2,0,7,1,3.6,1,4,1
665,315,2,0,11,1,2.3,1,1,1
666,315,2,0,8,1,2.7,1,1,1
667,315,2,0,27,1,2.1,1,1,1
668,315,2,0,8,1,2.8,1,1,1
669,38,2,0,11,1,2.0,1,1,1
670,132,2,0,13,1,2.3,1,3,1
671,316,2,0,15,1,3.5,1,1,1
672,317,2,0,20,1,2.1,1,2,1
673,280,1,0,11,1,2.3,3,4,1
674,113,2,0,20,1,2.6,1,1,1
675,318,2,0,2,1,1.7,1,1,1
676,304,2,0,9,1,3.8,1,4,2
677,311,2,0,27,1,1.7,1,1,1
678,319,2,0,3,1,2.8,1,3,1
679,129,2,0,11,1,2.4,1,1,1
680,136,2,0,11,1,1.8,1,1,1
681,137,2,0,29,1,1.3,1,4,1
682,141,2,0,23,1,2.8,1,1,1
683,105,2,0,11,1,3.1,1,1,1
684,320,1,0,16,1,2.6,1,1,1
685,320,1,0,15,1,2.8,1,1,1
686,321,2,0,5,1,3.2,1,1,1
687,294,2,0,1,1,3.1,1,1,1
688,182,2,0,18,1,3.2,1,1,1
689,224,2,0,18,1,3.6,1,1,1
690,213,2,0,8,1,2.1,1,1,1
691,4,2,0,4,1,3.7,1,1,1
692,250,2,0,9,1,3.7,1,4,3
693,33,1,0,22,1,1.9,1,1,1
694,197,2,0,17,1,2.4,1,1,1
695,322,2,0,20,1,3.3,1,1,1
696,322,2,0,15,1,2.7,1,1,1
697,142,2,0,20,1,2.5,1,4,1
698,290,2,0,25,1,3.4,1,4,2
699,279,2,0,6,1,1.8,1,1,1
700,150,2,0,18,1,2.8,1,4,2
701,289,2,0,38,1,4.0,1,4,1
702,276,2,0,20,1,2.4,1,3,1
703,301,2,0,18,1,2.0,1,1,1
704,154,2,0,9,1,2.5,1,4,2
705,311,1,0,32,1,1.6,1,1,1
706,323,1,0,3,1,2.1,1,1,1
707,65,2,0,28,1,2.4,1,1,1
708,324,2,0,31,1,3.8,1,1,1
709,324,2,0,9,1,3.0,1,1,1
710,325,2,0,13,1,2.5,1,4,1
711,136,2,0,10,1,3.1,1,3,1
712,326,2,0,11,1,3.1,1,1,1
713,327,2,0,5,1,3.6,1,3,1
714,327,2,0,8,1,3.1,1,1,1
715,327,2,0,16,1,2.8,1,1,1
716,327,2,0,17,1,2.9,1,1,1
717,286,2,0,15,1,2.5,1,1,1
718,328,2,0,8,1,2.7,1,1,1
719,329,2,0,30,1,3.9,1,4,2
720,137,2,0,22,1,2.4,1,1,1
721,330,2,0,17,1,2.8,1,1,1
722,331,2,0,16,1,2.8,1,1,1
723,332,2,0,4,1,2.3,1,1,1
724,332,2,0,15,1,2.2,1,1,1
725,333,2,0,20,1,2.1,1,3,1
726,251,2,0,23,1,2.4,1,4,1
727,334,2,0,9,1,3.9,1,4,2
728,320,1,0,22,1,2.3,1,1,1
729,335,2,0,23,1,3.6,1,1,1
730,335,2,0,1,1,3.4,1,1,1
731,336,2,0,15,1,2.8,1,1,1
732,337,1,0,7,1,3.7,1,4,1
733,338,2,0,29,1,2.6,1,3,1
734,295,2,0,16,1,3.3,1,1,1
735,308,2,0,1,1,2.0,1,1,1
736,335,2,0,6,1,2.8,1,1,1
737,338,2,0,3,1,2.4,1,1,1
738,137,2,0,11,1,2.2,1,1,1
739,339,2,0,23,1,3.8,1,1,1
740,339,2,0,8,1,3.3,1,1,1
741,339,2,0,15,1,3.3,1,1,1
742,211,2,0,15,1,2.5,1,1,1
743,301,2,0,18,1,2.9,1,1,1
744,332,2,0,17,1,1.9,1,1,1
745,105,2,0,8,1,2.7,1,1,1
746,328,2,0,13,1,3.4,1,1,1
747,340,2,0,17,1,2.8,1,1,1
748,239,1,0,35,1,3.2,3,1,1
749,43,2,0,17,1,2.5,1,1,1
750,131,2,0,11,1,2.4,1,1,1
751,269,2,0,8,1,3.5,1,1,1
752,205,2,0,23,1,1.3,1,3,1
753,284,1,0,1,1,3.1,1,1,1
754,245,2,0,11,1,1.5,1,1,1
755,251,2,0,16,1,2.9,1,1,1
756,325,2,0,8,1,1.4,1,1,1
757,143,2,0,8,1,2.5,1,3,1
758,49,2,0,33,1,2.7,1,1,1
759,322,2,0,15,1,3.6,1,1,1
760,2,1,0,27,1,2.3,1,1,1
761,287,2,0,31,1,3.6,1,4,4
762,310,2,0,9,1,3.1,1,4,3
763,203,2,0,16,1,3.2,1,1,1
764,193,2,0,8,1,2.5,1,1,1
765,193,2,0,11,1,2.6,1,1,1
766,205,2,0,23,1,3.0,1,1,1
767,336,2,0,28,1,3.4,1,1,1
768,338,2,0,18,1,2.6,1,1,1
769,341,2,0,20,1,3.7,1,3,1
770,339,2,0,22,1,2.5,1,1,1
771,339,2,0,16,1,2.7,1,1,1
772,315,2,0,4,1,2.9,1,1,1
773,106,2,0,14,1,2.7,1,3,1
774,227,1,0,2,1,3.1,1,1,1
775,331,1,0,29,1,2.6,1,1,1
776,335,2,0,11,1,2.5,1,1,1
777,229,2,0,23,1,2.6,1,1,1
778,339,2,0,20,1,3.5,1,1,1
779,335,2,0,17,1,2.5,1,1,1
780,137,2,0,8,1,3.2,1,3,1
781,66,2,0,15,1,1.9,1,1,1
782,5,1,0,11,1,2.2,1,1,1
783,186,2,0,5,1,3.4,1,4,2
784,261,2,0,14,1,3.0,1,2,1
785,327,2,0,7,1,3.4,1,4,2
786,111,2,0,20,1,2.2,1,4,2
787,342,2,0,24,1,4.0,1,4,1
788,186,2,0,23,1,3.7,1,3,1
789,275,2,0,8,1,2.1,1,3,1
790,177,2,0,9,1,3.8,1,4,3
791,343,2,0,23,1,2.5,1,1,1
792,94,2,0,16,1,2.5,1,1,1
793,94,2,0,2,1,1.9,1,1,1
794,93,2,0,16,1,2.5,1,3,1
795,264,2,0,11,1,2.6,1,1,1
796,344,2,0,14,1,3.3,1,3,1
797,345,2,0,17,1,2.4,1,1,1
798,345,2,0,18,1,1.8,1,2,1
799,345,1,0,2,1,2.4,1,1,1
800,346,2,0,23,1,2.6,1,4,2
801,347,2,0,13,1,3.9,1,3,1
802,348,1,0,4,1,2.0,1,4,1
803,190,2,0,23,1,3.5,1,1,1
804,22,2,0,9,1,3.0,1,4,1
805,347,2,0,18,1,2.5,1,3,1
806,132,1,0,20,1,2.9,5,3,1
807,182,2,0,15,1,2.8,1,1,1
808,265,2,0,33,1,2.9,1,1,1
809,349,1,0,6,1,4.0,7,4,1
810,326,2,0,11,1,2.5,1,1,1
811,137,2,0,26,1,1.6,1,3,1
812,301,2,0,13,1,2.9,1,1,1
813,301,2,0,15,1,3.4,1,1,1
814,218,2,0,13,1,2.4,1,4,1
815,325,2,0,35,1,2.3,1,1,1
816,325,2,0,15,1,2.1,1,1,1
817,347,2,0,17,1,3.6,1,1,1
818,347,2,0,18,1,3.5,1,1,1
819,140,2,0,15,1,2.8,1,1,1
820,350,2,0,20,1,3.5,1,4,2
821,327,2,0,28,1,3.0,1,1,1
822,309,1,0,11,1,3.1,1,1,1
823,283,2,0,9,1,3.5,1,4,1
824,297,2,0,9,1,3.1,1,4,1
825,351,1,0,16,1,2.7,1,1,1
826,344,2,0,23,1,2.6,1,1,1
827,352,2,0,15,1,2.4,1,1,1
828,352,2,0,20,1,2.6,1,1,1
829,344,2,0,7,1,3.8,1,4,2
830,353,2,0,11,1,2.1,1,1,1
831,93,2,0,11,1,2.6,1,3,1
832,98,2,0,15,1,2.4,1,1,1
833,353,2,0,16,1,2.1,1,1,1
834,353,2,0,11,1,2.4,1,1,1
835,353,2,0,15,1,1.7,1,1,1
836,273,2,0,17,1,2.5,1,3,1
837,182,2,0,23,1,3.0,1,4,1
838,250,2,0,8,1,2.8,1,1,1
839,344,2,0,7,1,3.4,1,4,1
840,354,2,0,32,1,2.3,1,1,1
841,355,2,0,11,1,2.4,1,1,1
842,350,2,0,8,1,2.2,1,1,1
843,356,2,0,17,1,2.9,1,1,1
844,356,2,0,11,1,1.7,1,1,1
845,356,2,0,13,1,2.4,1,1,1
846,318,2,0,15,1,3.0,1,1,1
847,317,2,0,17,1,3.1,1,1,1
848,341,2,0,23,1,2.6,1,3,1
849,213,2,0,13,1,3.0,1,3,1
850,195,2,0,8,1,2.1,1,1,1
851,217,2,0,5,1,3.5,1,4,2
852,347,2,0,11,1,2.0,1,1,1
853,357,2,0,13,1,3.4,1,4,2
854,317,2,0,20,1,2.6,1,1,1
855,358,2,0,9,1,3.5,1,4,2
856,359,2,0,6,1,3.6,1,1,1
857,358,2,0,6,1,3.0,1,1,1
858,360,2,0,38,1,3.6,1,4,1
859,337,1,0,3,1,2.2,1,1,1
860,319,2,0,23,1,2.0,1,3,1
861,361,1,0,16,1,1.4,1,1,1
862,333,2,0,11,1,2.5,1,3,1
863,333,2,0,13,1,2.3,1,4,1
864,309,1,0,3,1,3.3,4,1,1
865,137,2,0,33,1,1.9,1,1,1
866,302,2,0,5,1,3.5,1,4,1
867,62,2,0,17,1,2.3,1,3,1
868,352,2,0,15,1,2.1,1,1,1
869,97,2,0,22,1,2.2,1,1,1
870,352,2,0,23,1,3.0,1,1,1
871,362,2,0,8,1,2.3,1,1,1
872,49,2,0,35,1,2.8,1,1,1
873,363,2,0,11,1,2.3,1,1,1
874,364,2,0,17,1,2.6,1,1,1
875,364,2,0,29,1,2.0,1,1,1
876,363,2,0,16,1,1.8,1,4,1
877,364,2,0,11,2,2.5,1,1,1
878,365,2,0,23,1,3.0,1,1,1
879,365,2,0,5,1,3.3,1,4,2
880,44,2,0,17,1,2.3,1,1,1
881,203,2,0,16,1,2.3,1,1,1
882,333,2,0,33,1,1.7,1,3,1
883,331,2,0,11,1,2.3,1,1,1
884,331,2,0,15,1,2.7,1,1,1
885,366,2,0,30,1,3.8,1,4,2
886,154,2,0,26,1,2.2,1,1,1
887,367,2,0,16,1,2.7,1,1,1
888,262,2,0,18,1,3.2,1,1,1
889,365,2,0,7,1,3.7,1,4,2
890,364,2,0,33,1,1.9,1,1,1
891,216,2,0,33,1,1.8,1,2,1
892,262,2,0,20,1,3.3,1,1,1
893,282,2,0,11,1,2.5,1,1,1
894,168,2,0,13,1,3.4,1,4,1
895,368,2,0,5,1,3.2,1,3,1
896,369,2,0,9,1,3.2,1,4,1
897,370,2,0,27,1,2.5,1,1,1
898,371,2,0,18,1,2.5,1,1,1
899,371,2,0,17,1,2.7,1,1,1
900,370,2,0,35,1,2.8,1,1,1
901,371,2,0,23,1,3.0,1,1,1
902,5,1,0,11,1,2.2,2,4,1
903,353,2,0,15,1,2.3,1,1,1
904,372,2,0,9,1,3.1,1,4,1
905,372,2,0,5,1,2.3,1,3,1
906,370,2,0,9,1,3.3,1,4,3
907,373,2,0,7,1,2.8,1,4,2
908,369,2,0,31,1,3.2,1,4,1
909,374,2,0,17,1,2.3,1,1,1
910,374,2,0,29,1,2.6,1,1,1
911,373,2,0,34,1,2.8,1,4,1
912,245,2,0,15,1,2.4,2,1,1
913,197,2,0,23,1,2.6,1,1,1
914,197,2,0,20,1,2.5,1,3,1
915,375,2,0,9,1,3.8,1,4,2
916,376,2,0,39,1,3.8,1,4,14
917,377,2,1,7,1,3.4,1,4,2
918,191,2,0,23,1,2.8,1,1,1
919,265,2,0,15,1,2.7,1,1,1
920,129,2,0,22,1,2.1,1,1,1
921,378,2,0,7,1,3.5,1,4,1
922,379,2,0,40,1,3.7,1,4,2
923,379,2,0,17,1,2.8,1,1,1
924,379,2,0,13,1,3.0,1,3,1
925,320,1,0,8,1,2.8,1,1,1
926,380,2,0,26,1,2.5,2,1,1
927,380,2,0,15,1,1.9,1,1,1
928,362,2,0,18,1,1.8,1,2,1
929,381,2,0,15,1,2.9,2,1,1
930,381,2,0,20,1,2.9,1,4,2
931,381,2,0,15,1,2.7,1,1,1
932,276,2,0,9,1,2.5,1,1,1
933,382,1,0,3,1,3.8,1,4,1
934,354,2,0,23,1,2.6,1,1,1
935,383,2,0,27,1,3.6,1,1,1
936,383,2,0,2,1,3.0,1,1,1
937,384,2,0,11,1,2.0,1,1,1
938,383,2,0,16,1,2.1,1,1,1
939,383,2,0,22,1,2.5,1,1,1
940,384,2,0,3,1,2.7,1,1,1
941,384,2,0,8,1,2.1,1,1,1
942,383,2,0,18,1,3.0,1,4,1
943,385,2,0,15,1,2.6,1,1,1
944,298,2,0,5,1,2.2,1,2,1
945,385,2,0,13,1,3.3,1,3,1
946,385,2,0,8,1,3.0,1,1,1
947,196,2,0,27,1,2.7,1,1,1
948,379,2,0,17,1,2.6,1,1,1
949,359,2,0,9,1,2.8,1,4,3
950,386,2,0,23,1,3.3,1,4,2
951,385,2,0,8,1,3.0,1,1,1
952,387,2,0,23,1,3.5,1,1,1
953,168,2,0,13,1,3.6,1,1,1
954,369,2,0,16,1,2.4,1,1,1
955,325,2,0,27,1,2.3,1,1,1
956,388,1,1,2,2,3.5,6,1,1
957,112,2,0,18,1,2.2,1,3,1
958,389,1,0,37,1,2.6,1,1,1
959,389,1,0,11,1,3.5,1,1,1
960,389,2,0,8,1,2.9,1,4,1
961,389,1,0,35,1,3.3,1,1,1
962,286,2,0,11,1,2.5,1,1,1
963,315,2,0,11,1,2.0,1,1,1
964,315,2,0,15,1,2.7,1,1,1
965,128,2,0,19,1,2.5,1,1,1
966,386,2,0,16,1,1.7,1,1,1
967,390,2,0,23,1,2.3,1,1,1
968,165,2,0,17,1,2.8,1,1,1
969,244,2,0,18,1,2.4,1,1,1
970,5,2,0,26,1,2.2,1,1,1
971,38,2,0,35,1,2.7,1,1,1
972,391,2,0,8,1,3.3,1,1,1
973,391,2,0,23,1,3.8,1,1,1
974,391,2,0,9,1,3.5,1,3,1
975,391,2,0,4,1,3.6,1,1,1
976,391,2,0,9,1,3.3,1,4,1
977,257,2,0,16,1,1.6,1,1,1
978,392,2,0,8,1,2.0,1,1,1
979,386,2,0,13,1,4.0,1,4,1
980,393,2,0,27,3,1.6,1,1,1
981,394,1,0,16,1,3.5,8,1,1
982,55,1,0,41,1,2.4,3,1,1
983,320,1,0,11,1,2.6,1,1,1
984,395,2,0,7,1,3.5,1,4,1
985,396,2,0,9,1,2.7,1,2,1
986,397,1,0,23,1,2.0,1,4,1
987,396,2,0,8,1,1.7,1,2,1
988,398,2,0,3,1,3.0,1,2,1
989,399,2,0,3,1,2.0,1,2,1
990,400,2,0,20,2,2.0,1,4,1
991,401,2,0,20,1,3.0,1,1,1
992,402,2,0,16,1,2.5,1,1,1
993,402,2,0,15,1,2.7,1,1,1
994,402,2,0,23,1,1.5,1,3,1
995,392,2,0,11,1,1.0,1,1,1
996,360,2,0,37,1,2.3,1,1,1
997,402,2,0,37,1,2.8,1,1,1
998,402,2,0,16,1,2.5,1,3,1
999,402,2,0,11,2,1.0,1,1,1
1000,395,2,0,15,1,0.0,1,1,1
1001,403,2,0,11,1,2.3,1,1,1
1002,404,2,0,18,1,2.4,1,1,1
1003,402,2,0,23,1,2.5,1,1,1
1004,397,2,0,18,1,2.5,1,1,1
1005,405,2,0,9,1,3.3,1,1,1
1006,397,2,0,18,1,2.0,1,1,1
1007,406,2,0,15,1,2.4,1,1,1
1008,396,1,0,3,1,2.5,1,1,1
1009,406,2,0,20,1,3.3,1,1,1
1010,407,2,0,18,1,2.9,1,1,1
1011,396,2,0,9,1,2.0,1,2,1
1012,396,2,0,9,1,2.0,1,1,1
1013,395,2,0,18,1,2.0,1,1,1
1014,408,2,0,23,1,2.9,1,1,1
1015,395,2,0,5,1,0.5,1,4,1
1016,395,2,0,8,1,1.0,1,1,1
1017,395,2,0,8,1,1.7,1,1,1
1018,409,2,0,18,1,2.2,1,4,1
1019,410,2,0,27,1,1.4,1,1,1
1020,410,2,0,18,1,3.0,1,1,1
1021,360,2,0,8,1,2.3,1,1,1
1022,393,2,0,28,1,2.5,1,4,1
1023,360,2,0,16,1,1.0,1,1,1
1024,386,2,0,16,1,2.5,1,1,1
1025,49,2,0,11,1,2.3,1,1,1
